company,url,page_kind,web_score,aeo_score,selection_reason,crawl_id,group_id,occurrence_id,evaluation_id,rule_id,dimension,category,severity,finding_class,description,remediation,reason_code,analyzer_version,rule_version,stored_evidence,independent_observation,exact_offending_element_schema_heading,verdict,confidence,corrected_replay_outcome,corrected_replay_result,content_sha256,crawl_fetch_time,audit_fetch_time
goodee,https://www.goodeeworld.com/collections/alessi,category,76.3,55.6,goodee: alternating web_score rank,674a1a91-f435-42ac-bc16-3972eb82ebda,ebbd9cdb-c4cc-5161-8bc1-bd8e2021259b,a641ea49-9bcd-4062-a52d-cee3c52be536,d86bb826-fd3d-4b30-a118-19efdb9b8414,aeo.assortment_freshness_signal,aeo,citability,medium,defect,Category pages expose an updated timestamp for the assortment.,Expose a publication or update timestamp for the assortment.,freshness_signal_missing,sh-analyzer-1,sh-rules-1,"{""reason"": ""freshness_signal_missing"", ""timestamp"": """", ""timestamp_source"": """"}",No date/time freshness signal found in HTTP time/meta/JSON-LD fields,No date/time freshness signal found in HTTP time/meta/JSON-LD fields,verified,high,,not_replayed,38063d86fe01bcf867efdff461785cc860d14125ca87937b332f5d670f93bbea,2026-08-31 01:42:25.606366+00:00,2026-08-31T03:48:57.905324+00:00
goodee,https://www.goodeeworld.com/collections/alessi,category,76.3,55.6,goodee: alternating web_score rank,674a1a91-f435-42ac-bc16-3972eb82ebda,a6c06193-39d4-5612-8063-5b254bd5b8bd,ffd00e4f-31b9-4932-9182-9881cbead719,9bde813b-3195-4681-8e8c-382109719551,aeo.heading_hierarchy,aeo,content,medium,defect,Heading levels form a coherent page-kind-independent outline.,Use sequential heading levels to express content hierarchy.,,sh-analyzer-1,sh-rules-1,"{""levels"": [1, 3, 2], ""skips"": [{""from"": 1, ""to"": 3}]}","primary-content (main) heading levels [1, 3, 2]; skipped transitions: H1 → H3","primary-content (main) heading levels [1, 3, 2]; skipped transitions: H1 → H3",verified,high,missing,retained_verified,38063d86fe01bcf867efdff461785cc860d14125ca87937b332f5d670f93bbea,2026-08-31 01:42:25.606366+00:00,2026-08-31T03:48:57.905324+00:00
goodee,https://www.goodeeworld.com/collections/alessi,category,76.3,55.6,goodee: alternating web_score rank,674a1a91-f435-42ac-bc16-3972eb82ebda,aacb605d-947a-54db-8dcd-e37a09b7abeb,817dd6c7-cc02-46c6-9362-02f10e833310,73fe32af-9c05-4ed4-bf07-23168bf2ba47,aeo.schema_expected_for_type,aeo,structured_data,low,advisory,Structured data includes a schema.org type expected for the classified page type.,Add the expected schema.org type for this page type (PAGE_KIND_EXPECTED_SCHEMA).,expected_schema_absent,sh-analyzer-1,sh-rules-1,"{""candidate_count"": 0, ""expected_types"": [""CollectionPage"", ""ItemList""], ""found_types"": [""Organization""], ""page_kind"": ""category"", ""primary_schema_type"": """", ""reason"": ""expected_schema_absent""}","expected one of ['CollectionPage', 'ItemList']; no expected type in HTTP JSON-LD/microdata (found ['Organization'])","expected one of ['CollectionPage', 'ItemList']; no expected type in HTTP JSON-LD/microdata (found ['Organization'])",verified,high,,not_replayed,38063d86fe01bcf867efdff461785cc860d14125ca87937b332f5d670f93bbea,2026-08-31 01:42:25.606366+00:00,2026-08-31T03:48:57.905324+00:00
goodee,https://www.goodeeworld.com/collections/alessi,category,76.3,55.6,goodee: alternating web_score rank,674a1a91-f435-42ac-bc16-3972eb82ebda,e8644643-9e18-5a09-a6c2-4485f8ce28ae,85efc222-0d84-4d48-afde-c9e53445ab7b,ecc79bbc-5cc4-486c-b55f-e41f205ccdff,web.accessibility_form_names,technical,content,high,defect,Form controls have a deterministic accessible name.,Associate each form control with a label or ARIA name.,,sh-analyzer-1,sh-rules-1,"{""control_count"": 36, ""missing_accessible_name"": 20}",0 unnamed of 33 HTTP-visible controls,0 unnamed of 33 HTTP-visible controls,wrong,high,satisfied,removed_wrong,38063d86fe01bcf867efdff461785cc860d14125ca87937b332f5d670f93bbea,2026-08-31 01:42:25.606366+00:00,2026-08-31T03:48:57.905324+00:00
goodee,https://www.goodeeworld.com/collections/alessi,category,76.3,55.6,goodee: alternating web_score rank,674a1a91-f435-42ac-bc16-3972eb82ebda,5a14e1b8-5e99-594a-9804-b504dc15f501,02f91987-2d64-46f8-abc1-4d4d44d94e07,dff8436a-198b-4e4c-8e02-9ecc7037567e,web.accessibility_heading_order,technical,content,medium,defect,Heading levels form a coherent document outline.,Do not skip heading levels when structuring page sections.,,sh-analyzer-1,sh-rules-1,"{""heading_levels"": [1, 3, 2], ""level_skips"": 1}","full-document heading levels [1, 3, 2]; skipped transitions: H1 → H3","full-document heading levels [1, 3, 2]; skipped transitions: H1 → H3",verified,high,,not_replayed,38063d86fe01bcf867efdff461785cc860d14125ca87937b332f5d670f93bbea,2026-08-31 01:42:25.606366+00:00,2026-08-31T03:48:57.905324+00:00
goodee,https://www.goodeeworld.com/collections/alessi,category,76.3,55.6,goodee: alternating web_score rank,674a1a91-f435-42ac-bc16-3972eb82ebda,14578881-f68f-5deb-93fc-3c62ea87ceb7,db07edc3-91fb-4345-aeb4-98a41c7597e1,748dffe4-a84e-49d0-96ce-b7de447b8662,web.accessibility_image_alt,technical,content,medium,defect,Informative images declare alternative text.,"Add alt text to informative images; use alt="""" for decoration.",,sh-analyzer-1,sh-rules-1,"{""decorative_alt"": 66, ""image_count"": 77, ""missing_alt"": 1}",1 images omit alt: img[21] src=//www.goodeeworld.com/cdn/shop/t/741/assets/b-corp-text.svg?v=94703925812164379901775833169,1 images omit alt: img[21] src=//www.goodeeworld.com/cdn/shop/t/741/assets/b-corp-text.svg?v=94703925812164379901775833169,verified,high,,not_replayed,38063d86fe01bcf867efdff461785cc860d14125ca87937b332f5d670f93bbea,2026-08-31 01:42:25.606366+00:00,2026-08-31T03:48:57.905324+00:00
goodee,https://www.goodeeworld.com/pages/faq,faq,93.2,30.0,goodee: alternating aeo_score rank,674a1a91-f435-42ac-bc16-3972eb82ebda,1ece65e3-9908-5e78-9cb8-88812776015f,45b10932-e40e-4cc9-bbbd-f39ec2ec0a29,4eeedf4d-6eca-4238-b753-a7b2ced8f47e,aeo.answer_first,aeo,content,medium,advisory,The first block under the first heading is a substantive answer/definitional paragraph.,Open each section with a direct answer before elaborating.,no_headings,sh-analyzer-1,sh-rules-1,"{""reason"": ""no_headings""}","primary-content begins with heading levels [1, 3, 3, 3, 3, 3, 3, 3, 2] and has 3567 body words; no direct answer paragraph detected","primary-content begins with heading levels [1, 3, 3, 3, 3, 3, 3, 3, 2] and has 3567 body words; no direct answer paragraph detected",verified,medium,missing,retained_verified,de5cb08fc5928f742cc0cb6454a177cb18be2b3778f245ce85a3b2195adc58f1,2026-08-31 01:40:37.932429+00:00,2026-08-31T03:48:58.745866+00:00
goodee,https://www.goodeeworld.com/pages/faq,faq,93.2,30.0,goodee: alternating aeo_score rank,674a1a91-f435-42ac-bc16-3972eb82ebda,a6c06193-39d4-5612-8063-5b254bd5b8bd,dac18fdb-7b5c-49aa-9ccc-722fd33ec2c7,495569c7-45e2-49c2-83d8-909f831f57a7,aeo.heading_hierarchy,aeo,content,medium,defect,Heading levels form a coherent page-kind-independent outline.,Use sequential heading levels to express content hierarchy.,no_primary_headings,sh-analyzer-1,sh-rules-1,"{""levels"": [], ""reason"": ""no_primary_headings""}","primary-content (main) heading levels [1, 3, 3, 3, 3, 3, 3, 3, 2]; skipped transitions: H1 → H3","primary-content (main) heading levels [1, 3, 3, 3, 3, 3, 3, 3, 2]; skipped transitions: H1 → H3",verified,high,missing,retained_verified,de5cb08fc5928f742cc0cb6454a177cb18be2b3778f245ce85a3b2195adc58f1,2026-08-31 01:40:37.932429+00:00,2026-08-31T03:48:58.745866+00:00
goodee,https://www.goodeeworld.com/pages/faq,faq,93.2,30.0,goodee: alternating aeo_score rank,674a1a91-f435-42ac-bc16-3972eb82ebda,074cca08-3b4e-5ad7-9469-f66999f042f5,4818cc61-bfb7-4150-8eac-9e88b97bfc2f,ddb104a0-9754-494d-bb3b-a6b9e181c0d7,aeo.question_headings,aeo,content,low,defect,Page uses question-form h2/h3 headings.,Phrase section headings as the questions users ask.,no_subheadings,sh-analyzer-1,sh-rules-1,"{""reason"": ""no_subheadings""}",No question-form primary-content headings among 8,No question-form primary-content headings among 8,verified,high,missing,retained_verified,de5cb08fc5928f742cc0cb6454a177cb18be2b3778f245ce85a3b2195adc58f1,2026-08-31 01:40:37.932429+00:00,2026-08-31T03:48:58.745866+00:00
goodee,https://www.goodeeworld.com/pages/faq,faq,93.2,30.0,goodee: alternating aeo_score rank,674a1a91-f435-42ac-bc16-3972eb82ebda,5a14e1b8-5e99-594a-9804-b504dc15f501,9176f967-85b8-49df-8274-84e7a2988a87,5e5ab548-770a-408f-bbce-f23d030b7149,web.accessibility_heading_order,technical,content,medium,defect,Heading levels form a coherent document outline.,Do not skip heading levels when structuring page sections.,,sh-analyzer-1,sh-rules-1,"{""heading_levels"": [1, 3, 3, 3, 3, 3, 3, 3, 2], ""level_skips"": 1}","full-document heading levels [1, 3, 3, 3, 3, 3, 3, 3, 2]; skipped transitions: H1 → H3","full-document heading levels [1, 3, 3, 3, 3, 3, 3, 3, 2]; skipped transitions: H1 → H3",verified,high,,not_replayed,de5cb08fc5928f742cc0cb6454a177cb18be2b3778f245ce85a3b2195adc58f1,2026-08-31 01:40:37.932429+00:00,2026-08-31T03:48:58.745866+00:00
goodee,https://www.goodeeworld.com/blogs/stories/the-cape-retreat-on-place-preservation-hospitality,article,86.4,50.0,goodee: alternating web_score rank,674a1a91-f435-42ac-bc16-3972eb82ebda,77a0b9a8-e8d0-5cad-a7f5-5594a4380b15,9038c63c-c2f3-48d3-8b76-ce7adba1383c,f211181c-87e5-4f74-a475-f76238244710,aeo.editorial_lead_present,aeo,content,low,advisory,Editorial content opens with a substantive lead paragraph.,Add a concise lead that establishes the page topic.,editorial_lead_missing,sh-analyzer-1,sh-rules-1,"{""lead_preview"": """", ""lead_word_count"": 0, ""minimum_words"": 10, ""reason"": ""editorial_lead_missing""}","first primary-content paragraph has 30 words: ""At The Cape, hospitality is rooted in Newfoundland's land, culture, and community. Chef and host Alex Blagdon shares how food, foraging, and storytelling shape a deeper way of experiencing place.""","first primary-content paragraph has 30 words: ""At The Cape, hospitality is rooted in Newfoundland's land, culture, and community. Chef and host Alex Blagdon shares how food, foraging, and storytelling shape a deeper way of experiencing place.""",wrong,high,satisfied,removed_wrong,eac08a0f4926db649aca7f848d06014dc3bb161a1c6ff1047c82a38c4e247ce4,2026-08-31 01:40:35.149860+00:00,2026-08-31T03:48:59.475533+00:00
goodee,https://www.goodeeworld.com/blogs/stories/the-cape-retreat-on-place-preservation-hospitality,article,86.4,50.0,goodee: alternating web_score rank,674a1a91-f435-42ac-bc16-3972eb82ebda,a6c06193-39d4-5612-8063-5b254bd5b8bd,7ca0847c-43f3-4d19-a670-3e3f58e3551b,afc82dcb-b96c-4120-aa1a-1018f723d0e8,aeo.heading_hierarchy,aeo,content,medium,defect,Heading levels form a coherent page-kind-independent outline.,Use sequential heading levels to express content hierarchy.,no_primary_headings,sh-analyzer-1,sh-rules-1,"{""levels"": [], ""reason"": ""no_primary_headings""}","primary-content (main) heading levels [1, 1, 6, 6, 6, 6, 2, 2, 3, 3, 3]; skipped transitions: H1 → H6","primary-content (main) heading levels [1, 1, 6, 6, 6, 6, 2, 2, 3, 3, 3]; skipped transitions: H1 → H6",verified,high,missing,retained_verified,eac08a0f4926db649aca7f848d06014dc3bb161a1c6ff1047c82a38c4e247ce4,2026-08-31 01:40:35.149860+00:00,2026-08-31T03:48:59.475533+00:00
goodee,https://www.goodeeworld.com/blogs/stories/the-cape-retreat-on-place-preservation-hospitality,article,86.4,50.0,goodee: alternating web_score rank,674a1a91-f435-42ac-bc16-3972eb82ebda,44020652-5dd8-58f3-a2d0-602ef1bc6421,39133715-ec19-41dd-a530-ddaa77ee3d8c,e3373f59-a6d7-40bb-a5eb-1c98264dc89f,aeo.visible_attribution,aeo,citability,medium,defect,Authored content exposes a visible creator name and linked profile.,Add a visible creator byline linked to a stable profile or biography.,declared_attribution_only,sh-analyzer-1,sh-rules-1,"{""declared_name"": ""Divya Viswanathan"", ""declared_source"": ""structured_data"", ""reason"": ""declared_attribution_only"", ""visible_name"": """", ""visible_profile_url"": """"}","No visible creator name + linked profile found (name='Braeden King and Erik McLean. The Cape Retreat', profile='')","No visible creator name + linked profile found (name='Braeden King and Erik McLean. The Cape Retreat', profile='')",verified,high,partial,retained_verified,eac08a0f4926db649aca7f848d06014dc3bb161a1c6ff1047c82a38c4e247ce4,2026-08-31 01:40:35.149860+00:00,2026-08-31T03:48:59.475533+00:00
goodee,https://www.goodeeworld.com/blogs/stories/the-cape-retreat-on-place-preservation-hospitality,article,86.4,50.0,goodee: alternating web_score rank,674a1a91-f435-42ac-bc16-3972eb82ebda,5a14e1b8-5e99-594a-9804-b504dc15f501,caf9af58-1271-408f-8e0a-80c8188e4097,81fed3bb-da0d-450f-b7bd-ee7b32d70ba8,web.accessibility_heading_order,technical,content,medium,defect,Heading levels form a coherent document outline.,Do not skip heading levels when structuring page sections.,,sh-analyzer-1,sh-rules-1,"{""heading_levels"": [1, 1, 6, 6, 6, 6, 2, 2, 3, 3, 3], ""level_skips"": 1}","full-document heading levels [1, 1, 6, 6, 6, 6, 2, 2, 3, 3, 3]; skipped transitions: H1 → H6","full-document heading levels [1, 1, 6, 6, 6, 6, 2, 2, 3, 3, 3]; skipped transitions: H1 → H6",verified,high,,not_replayed,eac08a0f4926db649aca7f848d06014dc3bb161a1c6ff1047c82a38c4e247ce4,2026-08-31 01:40:35.149860+00:00,2026-08-31T03:48:59.475533+00:00
goodee,https://www.goodeeworld.com/blogs/stories/the-cape-retreat-on-place-preservation-hospitality,article,86.4,50.0,goodee: alternating web_score rank,674a1a91-f435-42ac-bc16-3972eb82ebda,14578881-f68f-5deb-93fc-3c62ea87ceb7,ef8e300a-f677-49c3-a49c-92183e7affa6,c6d98004-9c25-449c-b193-8c8991422ac9,web.accessibility_image_alt,technical,content,medium,defect,Informative images declare alternative text.,"Add alt text to informative images; use alt="""" for decoration.",,sh-analyzer-1,sh-rules-1,"{""decorative_alt"": 43, ""image_count"": 60, ""missing_alt"": 1}",1 images omit alt: img[20] src=https://cdn.shopify.com/s/files/1/0071/1684/9252/files/EAM06274_1.jpg?v=1785872646,1 images omit alt: img[20] src=https://cdn.shopify.com/s/files/1/0071/1684/9252/files/EAM06274_1.jpg?v=1785872646,verified,high,,not_replayed,eac08a0f4926db649aca7f848d06014dc3bb161a1c6ff1047c82a38c4e247ce4,2026-08-31 01:40:35.149860+00:00,2026-08-31T03:48:59.475533+00:00
goodee,https://www.goodeeworld.com/pages/reviews,case_study_review,100.0,40.0,goodee: alternating aeo_score rank,674a1a91-f435-42ac-bc16-3972eb82ebda,aacb605d-947a-54db-8dcd-e37a09b7abeb,e3a8890d-eaf1-4ab6-8324-3934083e67f9,2302b1fc-21b2-4eda-82ed-8aecddc9b4ed,aeo.schema_expected_for_type,aeo,structured_data,low,advisory,Structured data includes a schema.org type expected for the classified page type.,Add the expected schema.org type for this page type (PAGE_KIND_EXPECTED_SCHEMA).,expected_schema_absent,sh-analyzer-1,sh-rules-1,"{""candidate_count"": 0, ""expected_types"": [""Review""], ""found_types"": [""Organization""], ""page_kind"": ""case_study_review"", ""primary_schema_type"": """", ""reason"": ""expected_schema_absent""}",expected one of ['Review']; no expected type in HTTP JSON-LD/microdata (found ['Organization']),expected one of ['Review']; no expected type in HTTP JSON-LD/microdata (found ['Organization']),verified,high,,not_replayed,d59d7e6382682ee14e0162f2628b25e7d8729f302ae2a10cf7544915246ae109,2026-08-31 01:40:39.212868+00:00,2026-08-31T03:49:00.039030+00:00
goodee,https://www.goodeeworld.com/pages/reviews,case_study_review,100.0,40.0,goodee: alternating aeo_score rank,674a1a91-f435-42ac-bc16-3972eb82ebda,00e180dc-935f-5fd3-873f-855ba53b693d,f4a33751-c746-4616-aabd-e087b1e24141,cdfede2a-adc8-4101-8c75-d8c971353a2b,aeo.source_support_present,aeo,citability,low,advisory,"Research-sensitive claims attach sources through a bounded references, methodology, citation-marker, or attribution relation.","Attach authoritative sources to the claims they support using a references or methodology section, citation markers, or nearby attribution.",source_support_absent,sh-analyzer-1,sh-rules-1,"{""ambiguous_source_count"": 0, ""attached_source_count"": 0, ""attached_sources"": [], ""context_reasons"": [], ""invalid_source_count"": 0, ""reason"": ""source_support_absent""}",No source/reference/methodology links found in HTTP content,No source/reference/methodology links found in HTTP content,verified,medium,,not_replayed,d59d7e6382682ee14e0162f2628b25e7d8729f302ae2a10cf7544915246ae109,2026-08-31 01:40:39.212868+00:00,2026-08-31T03:49:00.039030+00:00
goodee,https://www.goodeeworld.com/pages/reviews,case_study_review,100.0,40.0,goodee: alternating aeo_score rank,674a1a91-f435-42ac-bc16-3972eb82ebda,44020652-5dd8-58f3-a2d0-602ef1bc6421,cabc2c61-a74c-4bab-a409-79a0d1cf6eb8,c97ca54c-a786-491e-94a1-94de3bb7a42f,aeo.visible_attribution,aeo,citability,medium,defect,Authored content exposes a visible creator name and linked profile.,Add a visible creator byline linked to a stable profile or biography.,visible_attribution_absent,sh-analyzer-1,sh-rules-1,"{""declared_name"": """", ""declared_source"": """", ""reason"": ""visible_attribution_absent"", ""visible_name"": """", ""visible_profile_url"": """"}","No visible creator name + linked profile found (name='', profile='')","No visible creator name + linked profile found (name='', profile='')",verified,high,missing,retained_verified,d59d7e6382682ee14e0162f2628b25e7d8729f302ae2a10cf7544915246ae109,2026-08-31 01:40:39.212868+00:00,2026-08-31T03:49:00.039030+00:00
goodee,https://www.goodeeworld.com/collections/new-at-goodee/products/buddys-dogwear-capri-isola-woven-cotton-dog-collar-beige,product,88.1,62.5,goodee: alternating web_score rank,674a1a91-f435-42ac-bc16-3972eb82ebda,a6c06193-39d4-5612-8063-5b254bd5b8bd,7fcc1162-56ab-493f-a969-1a07a1c943e5,4e5d300d-847b-4c34-8ff3-d061c1fff22b,aeo.heading_hierarchy,aeo,content,medium,defect,Heading levels form a coherent page-kind-independent outline.,Use sequential heading levels to express content hierarchy.,,sh-analyzer-1,sh-rules-1,"{""levels"": [1, 3, 3, 3, 3, 3, 2], ""skips"": [{""from"": 1, ""to"": 3}]}","primary-content (main) heading levels [1, 3, 3, 3, 3, 3, 2]; skipped transitions: H1 → H3","primary-content (main) heading levels [1, 3, 3, 3, 3, 3, 2]; skipped transitions: H1 → H3",verified,high,missing,retained_verified,fa9c5a75e44ad481dc9741ef9fa874022324d65fb393da5a2f9a6d36a67ded77,2026-08-31 01:40:11.324469+00:00,2026-08-31T03:49:00.594650+00:00
goodee,https://www.goodeeworld.com/collections/new-at-goodee/products/buddys-dogwear-capri-isola-woven-cotton-dog-collar-beige,product,88.1,62.5,goodee: alternating web_score rank,674a1a91-f435-42ac-bc16-3972eb82ebda,bc0ef7a7-9e3c-594a-9890-434e2b334c7d,fb0b584b-5e40-4a46-9c23-907a059fa4fb,0159c605-a17b-4e34-80a3-7582bdec2b8f,aeo.offer_freshness_signal,aeo,citability,medium,defect,"Product pages expose dated, currency-qualified Offer evidence.",Expose a currency and an updated timestamp with Offer data.,freshness_signal_missing,sh-analyzer-1,sh-rules-1,"{""currency"": [""USD""], ""offer"": true, ""reason"": ""freshness_signal_missing"", ""timestamp"": """", ""timestamp_source"": """"}",No date/time freshness signal found in HTTP time/meta/JSON-LD fields,No date/time freshness signal found in HTTP time/meta/JSON-LD fields,verified,high,,not_replayed,fa9c5a75e44ad481dc9741ef9fa874022324d65fb393da5a2f9a6d36a67ded77,2026-08-31 01:40:11.324469+00:00,2026-08-31T03:49:00.594650+00:00
goodee,https://www.goodeeworld.com/collections/new-at-goodee/products/buddys-dogwear-capri-isola-woven-cotton-dog-collar-beige,product,88.1,62.5,goodee: alternating web_score rank,674a1a91-f435-42ac-bc16-3972eb82ebda,1205e5a3-2540-5544-b5c1-edb1dad10679,d8b40043-f888-49b4-8773-25cf69dd3e5f,3c0441e7-eef7-426b-aff6-8323850f29ca,aeo.product_brand_identity,aeo,citability,medium,defect,Product pages identify the brand or manufacturer.,Expose the product brand or manufacturer in Product markup.,,sh-analyzer-1,sh-rules-1,"{""brands"": []}",No Product brand property or explicit visible Brand marker found in HTTP content,No Product brand property or explicit visible Brand marker found in HTTP content,verified,medium,missing,retained_verified,fa9c5a75e44ad481dc9741ef9fa874022324d65fb393da5a2f9a6d36a67ded77,2026-08-31 01:40:11.324469+00:00,2026-08-31T03:49:00.594650+00:00
goodee,https://www.goodeeworld.com/collections/new-at-goodee/products/buddys-dogwear-capri-isola-woven-cotton-dog-collar-beige,product,88.1,62.5,goodee: alternating web_score rank,674a1a91-f435-42ac-bc16-3972eb82ebda,cffced26-32f9-5897-a3bc-80a2561edca5,82da9451-bf68-4d37-8262-832fbb69a502,a1da6000-eef9-4e36-9ec2-0422b5e65244,technical.canonical_conflict,technical,indexability,medium,defect,"Declared canonical URL is a usable consolidation target (absolute, same-origin, and not a different hreflang alternate).",Point the canonical at an absolute same-origin URL. A page that declares hreflang alternates must canonicalise to itself.,,sh-analyzer-1,sh-rules-1,"{""canonical_url"": ""https://www.goodeeworld.com/products/buddys-dogwear-capri-isola-woven-cotton-dog-collar-beige"", ""declared_canonical"": ""https://www.goodeeworld.com/products/buddys-dogwear-capri-isola-woven-cotton-dog-collar-beige"", ""final_url"": ""https://www.goodeeworld.com/collections/new-at-goodee/products/buddys-dogwear-capri-isola-woven-cotton-dog-collar-beige"", ""problem"": ""hreflang_canonical_conflict"", ""self_canonical"": false}",Declared canonical https://www.goodeeworld.com/products/buddys-dogwear-capri-isola-woven-cotton-dog-collar-beige differs from fetched URL https://www.goodeeworld.com/collections/new-at-goodee/products/buddys-dogwear-capri-isola-woven-cotton-dog-collar-beige while hreflang alternates are present,Declared canonical https://www.goodeeworld.com/products/buddys-dogwear-capri-isola-woven-cotton-dog-collar-beige differs from fetched URL https://www.goodeeworld.com/collections/new-at-goodee/products/buddys-dogwear-capri-isola-woven-cotton-dog-collar-beige while hreflang alternates are present,verified,high,,not_replayed,fa9c5a75e44ad481dc9741ef9fa874022324d65fb393da5a2f9a6d36a67ded77,2026-08-31 01:40:11.324469+00:00,2026-08-31T03:49:00.594650+00:00
goodee,https://www.goodeeworld.com/collections/new-at-goodee/products/buddys-dogwear-capri-isola-woven-cotton-dog-collar-beige,product,88.1,62.5,goodee: alternating web_score rank,674a1a91-f435-42ac-bc16-3972eb82ebda,5a14e1b8-5e99-594a-9804-b504dc15f501,1e6f079a-8dc5-4b76-ac07-1b673ff34156,917606d6-d9d1-4adf-a10a-c4461ac0a4cf,web.accessibility_heading_order,technical,content,medium,defect,Heading levels form a coherent document outline.,Do not skip heading levels when structuring page sections.,,sh-analyzer-1,sh-rules-1,"{""heading_levels"": [1, 3, 3, 3, 3, 3, 2], ""level_skips"": 1}","full-document heading levels [1, 3, 3, 3, 3, 3, 2]; skipped transitions: H1 → H3","full-document heading levels [1, 3, 3, 3, 3, 3, 2]; skipped transitions: H1 → H3",verified,high,,not_replayed,fa9c5a75e44ad481dc9741ef9fa874022324d65fb393da5a2f9a6d36a67ded77,2026-08-31 01:40:11.324469+00:00,2026-08-31T03:49:00.594650+00:00
goodee,https://www.goodeeworld.com/,homepage,93.2,41.7,goodee: alternating aeo_score rank,674a1a91-f435-42ac-bc16-3972eb82ebda,e74117e5-9291-57c7-90e4-50faf5aba50a,4178018e-1f7d-4f0e-8ddb-5a4050546585,88c605f1-01b6-4e1d-a9b1-cdd62e73487a,aeo.entity_value_proposition,aeo,content,low,defect,Entity pages name the entity and state a substantive proposition.,Pair a clear H1 with a concise first explanatory paragraph.,,sh-analyzer-1,sh-rules-1,"{""atoms"": [{""condition"": """", ""evidence"": """", ""name"": ""entity_identity"", ""outcome"": ""missing"", ""required"": true}, {""condition"": ""page_trait:contact_intent"", ""evidence"": false, ""name"": ""contact_path"", ""outcome"": ""not_applicable"", ""required"": true}, {""condition"": ""not_page_trait:contact_intent"", ""evidence"": {""word_count"": 0}, ""name"": ""value_proposition"", ""outcome"": ""missing"", ""required"": true}], ""threshold"": ""all_required""}","HTTP content contains named identity and substantive proposition (1356 visible words; headings=['Extra 20% off Sale', 'New Arrivals', 'Sustainable furniture for children'])","HTTP content contains named identity and substantive proposition (1356 visible words; headings=['Extra 20% off Sale', 'New Arrivals', 'Sustainable furniture for children'])",wrong,medium,satisfied,removed_wrong,a832ac55cba5b1484f18973e24aa316ac885a802fc0f1221a2755b6d7923e4c6,2026-08-31 01:40:02.244904+00:00,2026-08-31T03:49:01.350810+00:00
goodee,https://www.goodeeworld.com/,homepage,93.2,41.7,goodee: alternating aeo_score rank,674a1a91-f435-42ac-bc16-3972eb82ebda,a6c06193-39d4-5612-8063-5b254bd5b8bd,b9d3d4c3-0f4e-4718-bb79-7f79e7624ce3,32a2de9c-418b-46dc-8ab4-84e5bf061772,aeo.heading_hierarchy,aeo,content,medium,defect,Heading levels form a coherent page-kind-independent outline.,Use sequential heading levels to express content hierarchy.,no_primary_headings,sh-analyzer-1,sh-rules-1,"{""levels"": [], ""reason"": ""no_primary_headings""}","primary-content (main) heading levels [2, 2, 2, 2, 2, 2, 2, 2, 2, 2, 3, 3, 3, 2, 2]; no skipped transitions","primary-content (main) heading levels [2, 2, 2, 2, 2, 2, 2, 2, 2, 2, 3, 3, 3, 2, 2]; no skipped transitions",wrong,high,satisfied,removed_wrong,a832ac55cba5b1484f18973e24aa316ac885a802fc0f1221a2755b6d7923e4c6,2026-08-31 01:40:02.244904+00:00,2026-08-31T03:49:01.350810+00:00
goodee,https://www.goodeeworld.com/,homepage,93.2,41.7,goodee: alternating aeo_score rank,674a1a91-f435-42ac-bc16-3972eb82ebda,14578881-f68f-5deb-93fc-3c62ea87ceb7,65c0a6a4-6f1c-424e-91e0-ffa049bc49c4,a795356c-4c94-4868-bad1-8f17db2c3f2d,web.accessibility_image_alt,technical,content,medium,defect,Informative images declare alternative text.,"Add alt text to informative images; use alt="""" for decoration.",,sh-analyzer-1,sh-rules-1,"{""decorative_alt"": 69, ""image_count"": 132, ""missing_alt"": 1}",1 images omit alt: img[93] src=//www.goodeeworld.com/cdn/shop/files/preview_images/4a4cc50f956546b089fd8ff2f984c060.thumbnail.0000000000_small.jpg?v=17,1 images omit alt: img[93] src=//www.goodeeworld.com/cdn/shop/files/preview_images/4a4cc50f956546b089fd8ff2f984c060.thumbnail.0000000000_small.jpg?v=17,verified,high,,not_replayed,a832ac55cba5b1484f18973e24aa316ac885a802fc0f1221a2755b6d7923e4c6,2026-08-31 01:40:02.244904+00:00,2026-08-31T03:49:01.350810+00:00
goodee,https://www.goodeeworld.com/pages/ecobirdy-b2b,other,88.2,,goodee: alternating web_score rank,674a1a91-f435-42ac-bc16-3972eb82ebda,e8644643-9e18-5a09-a6c2-4485f8ce28ae,d2e2f743-7585-42b3-a38b-18a2cf75a86f,e9ba7dbc-ae73-49eb-bd62-547e500daf5c,web.accessibility_form_names,technical,content,high,defect,Form controls have a deterministic accessible name.,Associate each form control with a label or ARIA name.,,sh-analyzer-1,sh-rules-1,"{""control_count"": 14, ""missing_accessible_name"": 1}",0 unnamed of 10 HTTP-visible controls,0 unnamed of 10 HTTP-visible controls,wrong,high,satisfied,removed_wrong,4cdc361595c01470468847c3a63e04979816cd7b7b1675343bdb729e38580030,2026-08-31 01:43:40.646434+00:00,2026-08-31T03:49:02.634490+00:00
goodee,https://www.goodeeworld.com/pages/contact-us,about_contact,100.0,45.2,goodee: alternating aeo_score rank,674a1a91-f435-42ac-bc16-3972eb82ebda,e74117e5-9291-57c7-90e4-50faf5aba50a,bbe34d23-c8cd-4474-b2aa-ab3f8c922419,6d12154e-6ea4-4fdb-9f90-a66a08295d7c,aeo.entity_value_proposition,aeo,content,low,defect,Entity pages name the entity and state a substantive proposition.,Pair a clear H1 with a concise first explanatory paragraph.,,sh-analyzer-1,sh-rules-1,"{""atoms"": [{""condition"": """", ""evidence"": """", ""name"": ""entity_identity"", ""outcome"": ""missing"", ""required"": true}, {""condition"": ""page_trait:contact_intent"", ""evidence"": true, ""name"": ""contact_path"", ""outcome"": ""satisfied"", ""required"": true}, {""condition"": ""not_page_trait:contact_intent"", ""evidence"": {""word_count"": 0}, ""name"": ""value_proposition"", ""outcome"": ""not_applicable"", ""required"": true}], ""threshold"": ""all_required""}","Missing HTTP identity/proposition evidence (identity=True, visible_words=689, headings=[])","Missing HTTP identity/proposition evidence (identity=True, visible_words=689, headings=[])",verified,medium,missing,retained_verified,a53487ad9f07bed5aea1c7514419b049e64df5fbc8a7c99017e02c3cffa33542,2026-08-31 01:43:42.081909+00:00,2026-08-31T03:49:03.120739+00:00
goodee,https://www.goodeeworld.com/pages/contact-us,about_contact,100.0,45.2,goodee: alternating aeo_score rank,674a1a91-f435-42ac-bc16-3972eb82ebda,a6c06193-39d4-5612-8063-5b254bd5b8bd,c400a317-c347-4ce9-a9b3-71066701fe96,44ab4885-2387-46b5-b538-322a38741a67,aeo.heading_hierarchy,aeo,content,medium,defect,Heading levels form a coherent page-kind-independent outline.,Use sequential heading levels to express content hierarchy.,no_primary_headings,sh-analyzer-1,sh-rules-1,"{""levels"": [], ""reason"": ""no_primary_headings""}",primary-content (main) heading levels []; no skipped transitions,primary-content (main) heading levels []; no skipped transitions,wrong,high,satisfied,removed_wrong,a53487ad9f07bed5aea1c7514419b049e64df5fbc8a7c99017e02c3cffa33542,2026-08-31 01:43:42.081909+00:00,2026-08-31T03:49:03.120739+00:00
goodee,https://www.goodeeworld.com/pages/contact-us,about_contact,100.0,45.2,goodee: alternating aeo_score rank,674a1a91-f435-42ac-bc16-3972eb82ebda,a923efc6-9954-57f2-a766-28f2be2d0fcf,36ff6d53-9bfb-43ca-84f9-f73400c88262,57b9dad8-9b8d-412d-840f-f3bc07d60c93,aeo.schema_recommended_present,aeo,structured_data,low,advisory,Expected-type structured data carries the recommended properties for the page type.,Add the recommended properties to strengthen the schema markup.,,sh-analyzer-1,sh-rules-1,"{""checked_blocks"": 1, ""expected_types"": [""Organization"", ""LocalBusiness"", ""ContactPage""], ""missing"": [""contactPoint"", ""address""], ""page_kind"": ""about_contact"", ""recommended"": [""contactPoint"", ""address""], ""schema_type"": ""Organization""}","expected ['ContactPage', 'Organization', 'LocalBusiness']; missing ['contactPoint', 'address'] in 1 matching schema block(s); raw types=['Organization']","expected ['ContactPage', 'Organization', 'LocalBusiness']; missing ['contactPoint', 'address'] in 1 matching schema block(s); raw types=['Organization']",verified,high,,not_replayed,a53487ad9f07bed5aea1c7514419b049e64df5fbc8a7c99017e02c3cffa33542,2026-08-31 01:43:42.081909+00:00,2026-08-31T03:49:03.120739+00:00
goodee,https://www.goodeeworld.com/collections/allday-goods,category,76.3,55.6,goodee: alternating web_score rank,674a1a91-f435-42ac-bc16-3972eb82ebda,ebbd9cdb-c4cc-5161-8bc1-bd8e2021259b,1867174c-5bf9-45a5-8494-32f8061e2427,2bfd0044-ba1c-4993-95bf-2c13bd66850b,aeo.assortment_freshness_signal,aeo,citability,medium,defect,Category pages expose an updated timestamp for the assortment.,Expose a publication or update timestamp for the assortment.,freshness_signal_missing,sh-analyzer-1,sh-rules-1,"{""reason"": ""freshness_signal_missing"", ""timestamp"": """", ""timestamp_source"": """"}",No date/time freshness signal found in HTTP time/meta/JSON-LD fields,No date/time freshness signal found in HTTP time/meta/JSON-LD fields,verified,high,,not_replayed,60aade344ac71f4aaa93b048ee0423867d027f6d80bc226d8229feefcd47d77a,2026-08-31 01:42:25.608700+00:00,2026-08-31T03:49:03.687302+00:00
goodee,https://www.goodeeworld.com/collections/allday-goods,category,76.3,55.6,goodee: alternating web_score rank,674a1a91-f435-42ac-bc16-3972eb82ebda,a6c06193-39d4-5612-8063-5b254bd5b8bd,c1382a9e-0845-4885-acf9-6d1a2a93dbdf,e5456dc0-c0a1-4a75-bb2e-518e34d4c677,aeo.heading_hierarchy,aeo,content,medium,defect,Heading levels form a coherent page-kind-independent outline.,Use sequential heading levels to express content hierarchy.,,sh-analyzer-1,sh-rules-1,"{""levels"": [1, 3, 2], ""skips"": [{""from"": 1, ""to"": 3}]}","primary-content (main) heading levels [1, 3, 2]; skipped transitions: H1 → H3","primary-content (main) heading levels [1, 3, 2]; skipped transitions: H1 → H3",verified,high,missing,retained_verified,60aade344ac71f4aaa93b048ee0423867d027f6d80bc226d8229feefcd47d77a,2026-08-31 01:42:25.608700+00:00,2026-08-31T03:49:03.687302+00:00
goodee,https://www.goodeeworld.com/collections/allday-goods,category,76.3,55.6,goodee: alternating web_score rank,674a1a91-f435-42ac-bc16-3972eb82ebda,aacb605d-947a-54db-8dcd-e37a09b7abeb,0f00d097-3125-4637-b1c4-4ce5185a4c11,35f30524-ce32-47ad-bdf3-7fc99622a92a,aeo.schema_expected_for_type,aeo,structured_data,low,advisory,Structured data includes a schema.org type expected for the classified page type.,Add the expected schema.org type for this page type (PAGE_KIND_EXPECTED_SCHEMA).,expected_schema_absent,sh-analyzer-1,sh-rules-1,"{""candidate_count"": 0, ""expected_types"": [""CollectionPage"", ""ItemList""], ""found_types"": [""Organization""], ""page_kind"": ""category"", ""primary_schema_type"": """", ""reason"": ""expected_schema_absent""}","expected one of ['CollectionPage', 'ItemList']; no expected type in HTTP JSON-LD/microdata (found ['Organization'])","expected one of ['CollectionPage', 'ItemList']; no expected type in HTTP JSON-LD/microdata (found ['Organization'])",verified,high,,not_replayed,60aade344ac71f4aaa93b048ee0423867d027f6d80bc226d8229feefcd47d77a,2026-08-31 01:42:25.608700+00:00,2026-08-31T03:49:03.687302+00:00
goodee,https://www.goodeeworld.com/collections/allday-goods,category,76.3,55.6,goodee: alternating web_score rank,674a1a91-f435-42ac-bc16-3972eb82ebda,e8644643-9e18-5a09-a6c2-4485f8ce28ae,326f3c5f-d13b-4e3d-bf91-c332882e23d5,5c4f9df6-275e-4497-80b6-558a9a684982,web.accessibility_form_names,technical,content,high,defect,Form controls have a deterministic accessible name.,Associate each form control with a label or ARIA name.,,sh-analyzer-1,sh-rules-1,"{""control_count"": 35, ""missing_accessible_name"": 19}",0 unnamed of 32 HTTP-visible controls,0 unnamed of 32 HTTP-visible controls,wrong,high,satisfied,removed_wrong,60aade344ac71f4aaa93b048ee0423867d027f6d80bc226d8229feefcd47d77a,2026-08-31 01:42:25.608700+00:00,2026-08-31T03:49:03.687302+00:00
goodee,https://www.goodeeworld.com/collections/allday-goods,category,76.3,55.6,goodee: alternating web_score rank,674a1a91-f435-42ac-bc16-3972eb82ebda,5a14e1b8-5e99-594a-9804-b504dc15f501,8c3cc33f-477b-4968-890e-c9ebf4344f53,dbf8bf72-e04e-4076-9403-2f56546d3349,web.accessibility_heading_order,technical,content,medium,defect,Heading levels form a coherent document outline.,Do not skip heading levels when structuring page sections.,,sh-analyzer-1,sh-rules-1,"{""heading_levels"": [1, 3, 2], ""level_skips"": 1}","full-document heading levels [1, 3, 2]; skipped transitions: H1 → H3","full-document heading levels [1, 3, 2]; skipped transitions: H1 → H3",verified,high,,not_replayed,60aade344ac71f4aaa93b048ee0423867d027f6d80bc226d8229feefcd47d77a,2026-08-31 01:42:25.608700+00:00,2026-08-31T03:49:03.687302+00:00
goodee,https://www.goodeeworld.com/collections/allday-goods,category,76.3,55.6,goodee: alternating web_score rank,674a1a91-f435-42ac-bc16-3972eb82ebda,14578881-f68f-5deb-93fc-3c62ea87ceb7,ef118299-b8f8-4bcf-aa82-df65ab38be6f,c5b6c710-ea5c-4577-8e65-add2cb64d7b4,web.accessibility_image_alt,technical,content,medium,defect,Informative images declare alternative text.,"Add alt text to informative images; use alt="""" for decoration.",,sh-analyzer-1,sh-rules-1,"{""decorative_alt"": 42, ""image_count"": 118, ""missing_alt"": 1}",1 images omit alt: img[21] src=//www.goodeeworld.com/cdn/shop/t/741/assets/b-corp-text.svg?v=94703925812164379901775833169,1 images omit alt: img[21] src=//www.goodeeworld.com/cdn/shop/t/741/assets/b-corp-text.svg?v=94703925812164379901775833169,verified,high,,not_replayed,60aade344ac71f4aaa93b048ee0423867d027f6d80bc226d8229feefcd47d77a,2026-08-31 01:42:25.608700+00:00,2026-08-31T03:49:03.687302+00:00
goodee,https://www.goodeeworld.com/blogs/stories,article,100.0,37.5,goodee: alternating aeo_score rank,674a1a91-f435-42ac-bc16-3972eb82ebda,77a0b9a8-e8d0-5cad-a7f5-5594a4380b15,67305201-3cbd-4314-a3b4-84633872a60c,1ebb7d40-4fd4-4c92-9fda-9b1da9211f08,aeo.editorial_lead_present,aeo,content,low,advisory,Editorial content opens with a substantive lead paragraph.,Add a concise lead that establishes the page topic.,editorial_lead_missing,sh-analyzer-1,sh-rules-1,"{""lead_preview"": """", ""lead_word_count"": 0, ""minimum_words"": 10, ""reason"": ""editorial_lead_missing""}","first primary-content paragraph has 30 words: ""At The Cape, hospitality is rooted in Newfoundland's land, culture, and community. Chef and host Alex Blagdon shares how food, foraging, and storytelling shape a deeper way of experiencing place.""","first primary-content paragraph has 30 words: ""At The Cape, hospitality is rooted in Newfoundland's land, culture, and community. Chef and host Alex Blagdon shares how food, foraging, and storytelling shape a deeper way of experiencing place.""",wrong,high,not_applicable,removed_wrong,753b2a3cc55457b82cd4afca40c6d20b9f2dce29ca71c5e7725a098ee588609d,2026-08-31 01:40:34.990944+00:00,2026-08-31T03:49:04.332789+00:00
goodee,https://www.goodeeworld.com/blogs/stories,article,100.0,37.5,goodee: alternating aeo_score rank,674a1a91-f435-42ac-bc16-3972eb82ebda,aacb605d-947a-54db-8dcd-e37a09b7abeb,19ce1e87-054f-44ff-a05d-b69872345e6e,f51ad5b2-525d-4961-946d-5507ae64b5b5,aeo.schema_expected_for_type,aeo,structured_data,low,advisory,Structured data includes a schema.org type expected for the classified page type.,Add the expected schema.org type for this page type (PAGE_KIND_EXPECTED_SCHEMA).,expected_schema_absent,sh-analyzer-1,sh-rules-1,"{""candidate_count"": 0, ""expected_types"": [""Article"", ""BlogPosting"", ""NewsArticle""], ""found_types"": [""Organization""], ""page_kind"": ""article"", ""primary_schema_type"": """", ""reason"": ""expected_schema_absent""}","expected one of ['Article', 'BlogPosting', 'NewsArticle']; no expected type in HTTP JSON-LD/microdata (found ['Organization'])","expected one of ['Article', 'BlogPosting', 'NewsArticle']; no expected type in HTTP JSON-LD/microdata (found ['Organization'])",verified,high,,not_replayed,753b2a3cc55457b82cd4afca40c6d20b9f2dce29ca71c5e7725a098ee588609d,2026-08-31 01:40:34.990944+00:00,2026-08-31T03:49:04.332789+00:00
goodee,https://www.goodeeworld.com/blogs/stories,article,100.0,37.5,goodee: alternating aeo_score rank,674a1a91-f435-42ac-bc16-3972eb82ebda,44020652-5dd8-58f3-a2d0-602ef1bc6421,9e4feb56-f028-4461-b08d-c701308017b5,94801931-09cf-4ac3-b987-b4b6cfe68b5a,aeo.visible_attribution,aeo,citability,medium,defect,Authored content exposes a visible creator name and linked profile.,Add a visible creator byline linked to a stable profile or biography.,visible_attribution_absent,sh-analyzer-1,sh-rules-1,"{""declared_name"": """", ""declared_source"": """", ""reason"": ""visible_attribution_absent"", ""visible_name"": """", ""visible_profile_url"": """"}","This URL is a blog archive with a primary-content article-card collection, so the article-only attribution rule is not applicable.","This URL is a blog archive with a primary-content article-card collection, so the article-only attribution rule is not applicable.",wrong,high,not_applicable,removed_wrong,753b2a3cc55457b82cd4afca40c6d20b9f2dce29ca71c5e7725a098ee588609d,2026-08-31 01:40:34.990944+00:00,2026-08-31T03:49:04.332789+00:00
goodee,https://www.goodeeworld.com/collections/astep,category,76.3,55.6,goodee: alternating web_score rank,674a1a91-f435-42ac-bc16-3972eb82ebda,ebbd9cdb-c4cc-5161-8bc1-bd8e2021259b,f1e77a1f-b85f-4f57-8ad6-794b6d2ac428,3225f72c-e697-48ff-9aaf-dcb444def981,aeo.assortment_freshness_signal,aeo,citability,medium,defect,Category pages expose an updated timestamp for the assortment.,Expose a publication or update timestamp for the assortment.,freshness_signal_missing,sh-analyzer-1,sh-rules-1,"{""reason"": ""freshness_signal_missing"", ""timestamp"": """", ""timestamp_source"": """"}",No date/time freshness signal found in HTTP time/meta/JSON-LD fields,No date/time freshness signal found in HTTP time/meta/JSON-LD fields,verified,high,,not_replayed,2aedeae71905eb30d79a37f5a7a3d2d13e15ec174fcde6c25dfcc2ff875e96b5,2026-08-31 01:43:13.250033+00:00,2026-08-31T03:49:04.984469+00:00
goodee,https://www.goodeeworld.com/collections/astep,category,76.3,55.6,goodee: alternating web_score rank,674a1a91-f435-42ac-bc16-3972eb82ebda,a6c06193-39d4-5612-8063-5b254bd5b8bd,b682d725-aaeb-45a5-aeaa-1a9c7e28fb9b,968ce944-1367-4906-b997-51a83344e781,aeo.heading_hierarchy,aeo,content,medium,defect,Heading levels form a coherent page-kind-independent outline.,Use sequential heading levels to express content hierarchy.,,sh-analyzer-1,sh-rules-1,"{""levels"": [1, 3, 2], ""skips"": [{""from"": 1, ""to"": 3}]}","primary-content (main) heading levels [1, 3, 2]; skipped transitions: H1 → H3","primary-content (main) heading levels [1, 3, 2]; skipped transitions: H1 → H3",verified,high,missing,retained_verified,2aedeae71905eb30d79a37f5a7a3d2d13e15ec174fcde6c25dfcc2ff875e96b5,2026-08-31 01:43:13.250033+00:00,2026-08-31T03:49:04.984469+00:00
goodee,https://www.goodeeworld.com/collections/astep,category,76.3,55.6,goodee: alternating web_score rank,674a1a91-f435-42ac-bc16-3972eb82ebda,aacb605d-947a-54db-8dcd-e37a09b7abeb,fb8481ba-c03f-487f-bfc5-0e111cdf36b5,6377a687-ee4a-4098-acf8-65a6bf54a1c8,aeo.schema_expected_for_type,aeo,structured_data,low,advisory,Structured data includes a schema.org type expected for the classified page type.,Add the expected schema.org type for this page type (PAGE_KIND_EXPECTED_SCHEMA).,expected_schema_absent,sh-analyzer-1,sh-rules-1,"{""candidate_count"": 0, ""expected_types"": [""CollectionPage"", ""ItemList""], ""found_types"": [""Organization""], ""page_kind"": ""category"", ""primary_schema_type"": """", ""reason"": ""expected_schema_absent""}","expected one of ['CollectionPage', 'ItemList']; no expected type in HTTP JSON-LD/microdata (found ['Organization'])","expected one of ['CollectionPage', 'ItemList']; no expected type in HTTP JSON-LD/microdata (found ['Organization'])",verified,high,,not_replayed,2aedeae71905eb30d79a37f5a7a3d2d13e15ec174fcde6c25dfcc2ff875e96b5,2026-08-31 01:43:13.250033+00:00,2026-08-31T03:49:04.984469+00:00
goodee,https://www.goodeeworld.com/collections/astep,category,76.3,55.6,goodee: alternating web_score rank,674a1a91-f435-42ac-bc16-3972eb82ebda,e8644643-9e18-5a09-a6c2-4485f8ce28ae,52ea9057-4fe8-492f-9577-95f818ce2a68,e14f9d92-21a9-4b66-9457-e952731a6eb2,web.accessibility_form_names,technical,content,high,defect,Form controls have a deterministic accessible name.,Associate each form control with a label or ARIA name.,,sh-analyzer-1,sh-rules-1,"{""control_count"": 30, ""missing_accessible_name"": 14}",0 unnamed of 27 HTTP-visible controls,0 unnamed of 27 HTTP-visible controls,wrong,high,satisfied,removed_wrong,2aedeae71905eb30d79a37f5a7a3d2d13e15ec174fcde6c25dfcc2ff875e96b5,2026-08-31 01:43:13.250033+00:00,2026-08-31T03:49:04.984469+00:00
goodee,https://www.goodeeworld.com/collections/astep,category,76.3,55.6,goodee: alternating web_score rank,674a1a91-f435-42ac-bc16-3972eb82ebda,5a14e1b8-5e99-594a-9804-b504dc15f501,7f073b8b-5b97-4ec5-988d-bd74f5de79bd,2429a908-2bf9-4091-907d-3a033dac2623,web.accessibility_heading_order,technical,content,medium,defect,Heading levels form a coherent document outline.,Do not skip heading levels when structuring page sections.,,sh-analyzer-1,sh-rules-1,"{""heading_levels"": [1, 3, 2], ""level_skips"": 1}","full-document heading levels [1, 3, 2]; skipped transitions: H1 → H3","full-document heading levels [1, 3, 2]; skipped transitions: H1 → H3",verified,high,,not_replayed,2aedeae71905eb30d79a37f5a7a3d2d13e15ec174fcde6c25dfcc2ff875e96b5,2026-08-31 01:43:13.250033+00:00,2026-08-31T03:49:04.984469+00:00
goodee,https://www.goodeeworld.com/collections/astep,category,76.3,55.6,goodee: alternating web_score rank,674a1a91-f435-42ac-bc16-3972eb82ebda,14578881-f68f-5deb-93fc-3c62ea87ceb7,6df2da17-6f32-4f4d-9f11-b6f65ea669f7,660936ac-8578-4a43-b42e-3d8d048ec25e,web.accessibility_image_alt,technical,content,medium,defect,Informative images declare alternative text.,"Add alt text to informative images; use alt="""" for decoration.",,sh-analyzer-1,sh-rules-1,"{""decorative_alt"": 29, ""image_count"": 57, ""missing_alt"": 1}",1 images omit alt: img[21] src=//www.goodeeworld.com/cdn/shop/t/741/assets/b-corp-text.svg?v=94703925812164379901775833169,1 images omit alt: img[21] src=//www.goodeeworld.com/cdn/shop/t/741/assets/b-corp-text.svg?v=94703925812164379901775833169,verified,high,,not_replayed,2aedeae71905eb30d79a37f5a7a3d2d13e15ec174fcde6c25dfcc2ff875e96b5,2026-08-31 01:43:13.250033+00:00,2026-08-31T03:49:04.984469+00:00
goodee,https://www.goodeeworld.com/blogs/stories/tagged/founders-letter,article,100.0,37.5,goodee: alternating aeo_score rank,674a1a91-f435-42ac-bc16-3972eb82ebda,77a0b9a8-e8d0-5cad-a7f5-5594a4380b15,3d8edce8-ff9f-4655-9da0-2cedcbb9e761,fc8e6392-0295-4ccc-97a4-0bc25bea29b5,aeo.editorial_lead_present,aeo,content,low,advisory,Editorial content opens with a substantive lead paragraph.,Add a concise lead that establishes the page topic.,editorial_lead_missing,sh-analyzer-1,sh-rules-1,"{""lead_preview"": """", ""lead_word_count"": 0, ""minimum_words"": 10, ""reason"": ""editorial_lead_missing""}",first primary-content paragraph has 0 words,first primary-content paragraph has 0 words,verified,high,missing,retained_verified,28422366a9274dc7e217f9e30a92fc411185ef25789fb68a2c16591dc45619de,2026-08-31 01:40:37.557017+00:00,2026-08-31T03:49:05.717682+00:00
goodee,https://www.goodeeworld.com/blogs/stories/tagged/founders-letter,article,100.0,37.5,goodee: alternating aeo_score rank,674a1a91-f435-42ac-bc16-3972eb82ebda,aacb605d-947a-54db-8dcd-e37a09b7abeb,e2caa53e-0d1b-4b0c-ae73-bd479265a49c,6a33c3d8-2022-4bc7-8635-fc63239d2483,aeo.schema_expected_for_type,aeo,structured_data,low,advisory,Structured data includes a schema.org type expected for the classified page type.,Add the expected schema.org type for this page type (PAGE_KIND_EXPECTED_SCHEMA).,expected_schema_absent,sh-analyzer-1,sh-rules-1,"{""candidate_count"": 0, ""expected_types"": [""Article"", ""BlogPosting"", ""NewsArticle""], ""found_types"": [""Organization""], ""page_kind"": ""article"", ""primary_schema_type"": """", ""reason"": ""expected_schema_absent""}","expected one of ['Article', 'BlogPosting', 'NewsArticle']; no expected type in HTTP JSON-LD/microdata (found ['Organization'])","expected one of ['Article', 'BlogPosting', 'NewsArticle']; no expected type in HTTP JSON-LD/microdata (found ['Organization'])",verified,high,,not_replayed,28422366a9274dc7e217f9e30a92fc411185ef25789fb68a2c16591dc45619de,2026-08-31 01:40:37.557017+00:00,2026-08-31T03:49:05.717682+00:00
goodee,https://www.goodeeworld.com/blogs/stories/tagged/founders-letter,article,100.0,37.5,goodee: alternating aeo_score rank,674a1a91-f435-42ac-bc16-3972eb82ebda,44020652-5dd8-58f3-a2d0-602ef1bc6421,c109bb2b-f692-4630-9c65-ca4407c04d85,04627505-3ae3-4777-9d8f-701e27d9033b,aeo.visible_attribution,aeo,citability,medium,defect,Authored content exposes a visible creator name and linked profile.,Add a visible creator byline linked to a stable profile or biography.,visible_attribution_absent,sh-analyzer-1,sh-rules-1,"{""declared_name"": """", ""declared_source"": """", ""reason"": ""visible_attribution_absent"", ""visible_name"": """", ""visible_profile_url"": """"}","No visible creator name + linked profile found (name='', profile='')","No visible creator name + linked profile found (name='', profile='')",verified,high,missing,retained_verified,28422366a9274dc7e217f9e30a92fc411185ef25789fb68a2c16591dc45619de,2026-08-31 01:40:37.557017+00:00,2026-08-31T03:49:05.717682+00:00
lootcrate,https://lootcrate.com/pages/_go_,other,72.5,,lootcrate: alternating web_score rank,951b4a75-4c15-402b-99d8-c7c5f2d4a164,06ed5a73-7c9a-5fd5-a481-206ffa1c49db,703e03a2-dc56-4c76-9bba-d8cb19825979,4ad504ca-8140-4a16-962a-6e944cf6921f,web.accessibility_form_names,technical,content,high,defect,Form controls have a deterministic accessible name.,Associate each form control with a label or ARIA name.,,sh-analyzer-1,sh-rules-1,"{""control_count"": 6, ""missing_accessible_name"": 2}",1 unnamed of 2 HTTP-visible controls: input[1] id=- name=q,1 unnamed of 2 HTTP-visible controls: input[1] id=- name=q,verified,high,missing,retained_verified,ba986d03d810a73c458077f04573906c613901225666862ec44a403236bb7023,2026-08-31 02:33:25.124157+00:00,2026-08-31T03:49:06.039189+00:00
lootcrate,https://lootcrate.com/pages/_go_,other,72.5,,lootcrate: alternating web_score rank,951b4a75-4c15-402b-99d8-c7c5f2d4a164,1f4dda0e-101c-555f-bb24-740493094899,3ecfc72c-79c7-4393-9108-a1cb3468c1c2,9f16baba-3d8f-401d-a4b6-dffee14e32d0,web.accessibility_heading_order,technical,content,medium,defect,Heading levels form a coherent document outline.,Do not skip heading levels when structuring page sections.,,sh-analyzer-1,sh-rules-1,"{""heading_levels"": [3, 1, 6, 6, 6, 6, 6, 5, 3], ""level_skips"": 1}","full-document heading levels [3, 1, 6, 6, 6, 6, 6, 5, 3]; skipped transitions: H1 → H6","full-document heading levels [3, 1, 6, 6, 6, 6, 6, 5, 3]; skipped transitions: H1 → H6",verified,high,,not_replayed,ba986d03d810a73c458077f04573906c613901225666862ec44a403236bb7023,2026-08-31 02:33:25.124157+00:00,2026-08-31T03:49:06.039189+00:00
lootcrate,https://lootcrate.com/pages/_go_,other,72.5,,lootcrate: alternating web_score rank,951b4a75-4c15-402b-99d8-c7c5f2d4a164,8e682d08-2e3d-5f18-b826-dac61547b14b,35e47045-a8ae-4a97-bd2e-a43434087b70,a8e5ba6a-8c38-4db1-a55d-9d65f0bf9f67,web.accessibility_image_alt,technical,content,medium,defect,Informative images declare alternative text.,"Add alt text to informative images; use alt="""" for decoration.",,sh-analyzer-1,sh-rules-1,"{""decorative_alt"": 1, ""image_count"": 9, ""missing_alt"": 1}",1 images omit alt: img[9] src=,1 images omit alt: img[9] src=,verified,high,,not_replayed,ba986d03d810a73c458077f04573906c613901225666862ec44a403236bb7023,2026-08-31 02:33:25.124157+00:00,2026-08-31T03:49:06.039189+00:00
lootcrate,https://lootcrate.com/products/loot-crate,product,76.3,16.1,lootcrate: alternating aeo_score rank,951b4a75-4c15-402b-99d8-c7c5f2d4a164,06ea11cc-9b3c-5237-bc52-0e0d081137ac,fde0a9e7-9fcc-4c08-8feb-b99051fd8a26,0153822a-0064-4c6e-a88e-0f225e40311a,aeo.heading_hierarchy,aeo,content,medium,defect,Heading levels form a coherent page-kind-independent outline.,Use sequential heading levels to express content hierarchy.,,sh-analyzer-1,sh-rules-1,"{""levels"": [1, 3, 3, 5, 5, 5, 5, 3], ""skips"": [{""from"": 1, ""to"": 3}, {""from"": 3, ""to"": 5}]}","primary-content (main) heading levels [1, 3, 3, 5, 5, 5, 5, 3]; skipped transitions: H1 → H3, H3 → H5","primary-content (main) heading levels [1, 3, 3, 5, 5, 5, 5, 3]; skipped transitions: H1 → H3, H3 → H5",verified,high,missing,retained_verified,d81aa58cb328a56692f6b1b8c60320150b5df066171c1f94bf9c63830238e796,2026-08-31 02:33:03.132224+00:00,2026-08-31T03:49:06.327388+00:00
lootcrate,https://lootcrate.com/products/loot-crate,product,76.3,16.1,lootcrate: alternating aeo_score rank,951b4a75-4c15-402b-99d8-c7c5f2d4a164,cea9a66e-dff7-5ef8-aea4-172cc8e1b7c0,cdf6ba88-1669-4055-8b19-198d16a65a48,be20627e-8455-467f-93c3-9edf8a9c5103,aeo.offer_freshness_signal,aeo,citability,medium,defect,"Product pages expose dated, currency-qualified Offer evidence.",Expose a currency and an updated timestamp with Offer data.,offer_currency_missing,sh-analyzer-1,sh-rules-1,"{""currency"": [], ""offer"": true, ""reason"": ""offer_currency_missing"", ""timestamp"": """", ""timestamp_source"": """"}",No date/time freshness signal found in HTTP time/meta/JSON-LD fields,No date/time freshness signal found in HTTP time/meta/JSON-LD fields,verified,high,,not_replayed,d81aa58cb328a56692f6b1b8c60320150b5df066171c1f94bf9c63830238e796,2026-08-31 02:33:03.132224+00:00,2026-08-31T03:49:06.327388+00:00
lootcrate,https://lootcrate.com/products/loot-crate,product,76.3,16.1,lootcrate: alternating aeo_score rank,951b4a75-4c15-402b-99d8-c7c5f2d4a164,74ef2fa1-7a40-5ef6-8ab6-2a68fb3bc67f,f466ab26-cfeb-47c4-8e5c-91b4db936af9,83893f4c-b097-4b0b-a89d-e9eabbab1a0d,aeo.product_answer_facts,aeo,content,medium,defect,"Product pages expose identity, offer, availability, and variants when applicable.",Expose the required product answer facts in visible content or structured data.,,sh-analyzer-1,sh-rules-1,"{""atoms"": [{""condition"": """", ""evidence"": true, ""name"": ""identity"", ""outcome"": ""satisfied"", ""required"": true}, {""condition"": """", ""evidence"": true, ""name"": ""offer"", ""outcome"": ""satisfied"", ""required"": true}, {""condition"": """", ""evidence"": [], ""name"": ""availability"", ""outcome"": ""missing"", ""required"": true}, {""condition"": ""page_trait:has_variants"", ""evidence"": false, ""name"": ""variants"", ""outcome"": ""not_applicable"", ""required"": false}], ""threshold"": ""all_required_and_applicable""}","Missing product fact(s) in HTTP content: identity=True, offer=True, availability=False","Missing product fact(s) in HTTP content: identity=True, offer=True, availability=False",verified,medium,missing,retained_verified,d81aa58cb328a56692f6b1b8c60320150b5df066171c1f94bf9c63830238e796,2026-08-31 02:33:03.132224+00:00,2026-08-31T03:49:06.327388+00:00
lootcrate,https://lootcrate.com/products/loot-crate,product,76.3,16.1,lootcrate: alternating aeo_score rank,951b4a75-4c15-402b-99d8-c7c5f2d4a164,8a28fcfb-6a5f-532e-8da3-02a22ca5bae0,c98888dc-d032-4ae7-86df-ad15414a7a53,783e8aa7-bc3e-4008-a3f2-735600431afd,aeo.product_brand_identity,aeo,citability,medium,defect,Product pages identify the brand or manufacturer.,Expose the product brand or manufacturer in Product markup.,,sh-analyzer-1,sh-rules-1,"{""brands"": []}",Product brand evidence present: ['microdata:itemprop=brand'],Product brand evidence present: ['microdata:itemprop=brand'],wrong,medium,satisfied,removed_wrong,d81aa58cb328a56692f6b1b8c60320150b5df066171c1f94bf9c63830238e796,2026-08-31 02:33:03.132224+00:00,2026-08-31T03:49:06.327388+00:00
lootcrate,https://lootcrate.com/products/loot-crate,product,76.3,16.1,lootcrate: alternating aeo_score rank,951b4a75-4c15-402b-99d8-c7c5f2d4a164,c82bb3bd-d8f1-5932-928d-6061357c66b1,af055636-8a90-4479-8611-7b33028e2f9f,00ba163c-ad87-46e4-aee2-ba86d2b827e5,aeo.product_evidence_facts,aeo,citability,medium,defect,"Product pages expose a stable SKU, GTIN, or MPN signal.",Expose a stable product identifier visibly or in Product markup.,,sh-analyzer-1,sh-rules-1,"{""identifiers"": [], ""visible_identifier_marker"": false}",No Product identifier property or visible SKU/GTIN/MPN marker found,No Product identifier property or visible SKU/GTIN/MPN marker found,verified,medium,,not_replayed,d81aa58cb328a56692f6b1b8c60320150b5df066171c1f94bf9c63830238e796,2026-08-31 02:33:03.132224+00:00,2026-08-31T03:49:06.327388+00:00
lootcrate,https://lootcrate.com/products/loot-crate,product,76.3,16.1,lootcrate: alternating aeo_score rank,951b4a75-4c15-402b-99d8-c7c5f2d4a164,bc4a3bc0-8024-51ec-8af6-1779609dfe48,c5e01d20-edbb-4103-bb04-057de7976333,a3e7f988-7a0e-4cf8-83d1-7cb632c209a2,aeo.schema_recommended_present,aeo,structured_data,low,advisory,Expected-type structured data carries the recommended properties for the page type.,Add the recommended properties to strengthen the schema markup.,,sh-analyzer-1,sh-rules-1,"{""checked_blocks"": 1, ""expected_types"": [""Product""], ""extraction"": ""microdata_shallow"", ""missing"": [""sku"", ""gtin"", ""brand"", ""offers.price"", ""offers.priceCurrency"", ""offers.availability"", ""hasVariant"", ""aggregateRating"", ""offers.shippingDetails"", ""offers.hasMerchantReturnPolicy""], ""page_kind"": ""product"", ""recommended"": [""sku"", ""gtin"", ""brand"", ""offers.price"", ""offers.priceCurrency"", ""offers.availability"", ""hasVariant"", ""aggregateRating"", ""offers.shippingDetails"", ""offers.hasMerchantReturnPolicy""], ""schema_type"": ""Product""}","expected ['Product']; missing ['sku', 'gtin', 'offers.price', 'offers.priceCurrency', 'aggregateRating'] in 1 matching schema block(s); raw types=['Product']","expected ['Product']; missing ['sku', 'gtin', 'offers.price', 'offers.priceCurrency', 'aggregateRating'] in 1 matching schema block(s); raw types=['Product']",verified,high,,not_replayed,d81aa58cb328a56692f6b1b8c60320150b5df066171c1f94bf9c63830238e796,2026-08-31 02:33:03.132224+00:00,2026-08-31T03:49:06.327388+00:00
lootcrate,https://lootcrate.com/products/loot-crate,product,76.3,16.1,lootcrate: alternating aeo_score rank,951b4a75-4c15-402b-99d8-c7c5f2d4a164,6745a53a-1f1f-5f75-af32-765a40e6384a,653853f6-5fef-4a25-8706-15e7f5f3ce81,a19b18ad-fc16-4acb-955c-7ba85e021eb2,aeo.schema_required_valid,aeo,structured_data,high,defect,Expected-type structured data carries every required property for the page type.,Add the missing required properties to the schema markup.,,sh-analyzer-1,sh-rules-1,"{""checked_blocks"": 1, ""expected_types"": [""Product""], ""extraction"": ""microdata_shallow"", ""missing"": [""name"", ""offers""], ""page_kind"": ""product"", ""required"": [""name"", ""offers""], ""schema_type"": ""Product""}",expected ['Product']; missing ['offers'] in 1 matching schema block(s); raw types=['Product'],expected ['Product']; missing ['offers'] in 1 matching schema block(s); raw types=['Product'],verified,high,,not_replayed,d81aa58cb328a56692f6b1b8c60320150b5df066171c1f94bf9c63830238e796,2026-08-31 02:33:03.132224+00:00,2026-08-31T03:49:06.327388+00:00
lootcrate,https://lootcrate.com/products/loot-crate,product,76.3,16.1,lootcrate: alternating aeo_score rank,951b4a75-4c15-402b-99d8-c7c5f2d4a164,06ed5a73-7c9a-5fd5-a481-206ffa1c49db,f12197f7-964f-4209-b7e9-8f4b227ed776,e6982906-53e1-47d6-812c-cb13ac7f2f08,web.accessibility_form_names,technical,content,high,defect,Form controls have a deterministic accessible name.,Associate each form control with a label or ARIA name.,,sh-analyzer-1,sh-rules-1,"{""control_count"": 11, ""missing_accessible_name"": 4}",3 unnamed of 7 HTTP-visible controls: input[1] id=- name=purchase_type; input[3] id=- name=selling_plan; input[6] id=- name=q,3 unnamed of 7 HTTP-visible controls: input[1] id=- name=purchase_type; input[3] id=- name=selling_plan; input[6] id=- name=q,verified,high,missing,retained_verified,d81aa58cb328a56692f6b1b8c60320150b5df066171c1f94bf9c63830238e796,2026-08-31 02:33:03.132224+00:00,2026-08-31T03:49:06.327388+00:00
lootcrate,https://lootcrate.com/products/loot-crate,product,76.3,16.1,lootcrate: alternating aeo_score rank,951b4a75-4c15-402b-99d8-c7c5f2d4a164,1f4dda0e-101c-555f-bb24-740493094899,a21f00b2-403c-4e23-b339-2fbc2427a68c,29a78e1d-f25a-4e6c-89d9-c539668eae64,web.accessibility_heading_order,technical,content,medium,defect,Heading levels form a coherent document outline.,Do not skip heading levels when structuring page sections.,,sh-analyzer-1,sh-rules-1,"{""heading_levels"": [3, 1, 3, 3, 5, 5, 5, 5, 3, 6, 6, 6, 6, 6, 5, 3], ""level_skips"": 3}","full-document heading levels [3, 1, 3, 3, 5, 5, 5, 5, 3, 6, 6, 6, 6, 6, 5, 3]; skipped transitions: H1 → H3, H3 → H5, H3 → H6","full-document heading levels [3, 1, 3, 3, 5, 5, 5, 5, 3, 6, 6, 6, 6, 6, 5, 3]; skipped transitions: H1 → H3, H3 → H5, H3 → H6",verified,high,,not_replayed,d81aa58cb328a56692f6b1b8c60320150b5df066171c1f94bf9c63830238e796,2026-08-31 02:33:03.132224+00:00,2026-08-31T03:49:06.327388+00:00
lootcrate,https://lootcrate.com/products/loot-crate,product,76.3,16.1,lootcrate: alternating aeo_score rank,951b4a75-4c15-402b-99d8-c7c5f2d4a164,8e682d08-2e3d-5f18-b826-dac61547b14b,3335b43e-0b81-4a9d-b6ae-c073923c5c90,05028dbc-1d90-4a3c-b732-c63e37a66fc2,web.accessibility_image_alt,technical,content,medium,defect,Informative images declare alternative text.,"Add alt text to informative images; use alt="""" for decoration.",,sh-analyzer-1,sh-rules-1,"{""decorative_alt"": 8, ""image_count"": 26, ""missing_alt"": 2}",2 images omit alt: img[20] src=https://cdn.accentuate.io/5201596842124/12365741228172/LC-Evergreen-Theme-FG-3000x1625-v1703010215983.png?3000x1625 ; img[26] src=,2 images omit alt: img[20] src=https://cdn.accentuate.io/5201596842124/12365741228172/LC-Evergreen-Theme-FG-3000x1625-v1703010215983.png?3000x1625 ; img[26] src=,verified,high,,not_replayed,d81aa58cb328a56692f6b1b8c60320150b5df066171c1f94bf9c63830238e796,2026-08-31 02:33:03.132224+00:00,2026-08-31T03:49:06.327388+00:00
lootcrate,https://lootcrate.com/pages/contact-us,about_contact,76.3,50.0,lootcrate: alternating web_score rank,951b4a75-4c15-402b-99d8-c7c5f2d4a164,06ea11cc-9b3c-5237-bc52-0e0d081137ac,84ca12e3-9fea-4da4-a45e-a659b9938fb6,18ee83b8-898e-44b9-9fd4-b04211dc0ca4,aeo.heading_hierarchy,aeo,content,medium,defect,Heading levels form a coherent page-kind-independent outline.,Use sequential heading levels to express content hierarchy.,,sh-analyzer-1,sh-rules-1,"{""levels"": [1, 3], ""skips"": [{""from"": 1, ""to"": 3}]}","primary-content (main) heading levels [1, 3, 3, 3, 3, 3, 3, 3]; skipped transitions: H1 → H3","primary-content (main) heading levels [1, 3, 3, 3, 3, 3, 3, 3]; skipped transitions: H1 → H3",verified,high,missing,retained_verified,809a06e1be67628d6429767c28ae82161badb12c2a98b445992a37b52208a6ad,2026-08-31 02:33:15.681529+00:00,2026-08-31T03:49:06.667979+00:00
lootcrate,https://lootcrate.com/pages/contact-us,about_contact,76.3,50.0,lootcrate: alternating web_score rank,951b4a75-4c15-402b-99d8-c7c5f2d4a164,29588deb-54d3-5ee2-9c9d-4ebaa41727fc,a136a4d4-bc71-43f1-aa0c-b0182bf2e5e1,7e814eee-1f6b-45ee-a478-200454ac6408,aeo.schema_expected_for_type,aeo,structured_data,low,advisory,Structured data includes a schema.org type expected for the classified page type.,Add the expected schema.org type for this page type (PAGE_KIND_EXPECTED_SCHEMA).,expected_schema_absent,sh-analyzer-1,sh-rules-1,"{""candidate_count"": 0, ""expected_types"": [""Organization"", ""LocalBusiness"", ""ContactPage""], ""found_types"": [], ""page_kind"": ""about_contact"", ""primary_schema_type"": """", ""reason"": ""expected_schema_absent""}","expected one of ['Organization', 'LocalBusiness', 'ContactPage']; no expected type in HTTP JSON-LD/microdata (found [])","expected one of ['Organization', 'LocalBusiness', 'ContactPage']; no expected type in HTTP JSON-LD/microdata (found [])",verified,high,,not_replayed,809a06e1be67628d6429767c28ae82161badb12c2a98b445992a37b52208a6ad,2026-08-31 02:33:15.681529+00:00,2026-08-31T03:49:06.667979+00:00
lootcrate,https://lootcrate.com/pages/contact-us,about_contact,76.3,50.0,lootcrate: alternating web_score rank,951b4a75-4c15-402b-99d8-c7c5f2d4a164,06ed5a73-7c9a-5fd5-a481-206ffa1c49db,ec746052-67d5-4c7b-9e4a-b453e45704dc,b22c9eb3-5012-469d-b042-07590eae2b9d,web.accessibility_form_names,technical,content,high,defect,Form controls have a deterministic accessible name.,Associate each form control with a label or ARIA name.,,sh-analyzer-1,sh-rules-1,"{""control_count"": 6, ""missing_accessible_name"": 2}",1 unnamed of 2 HTTP-visible controls: input[1] id=- name=q,1 unnamed of 2 HTTP-visible controls: input[1] id=- name=q,verified,high,missing,retained_verified,809a06e1be67628d6429767c28ae82161badb12c2a98b445992a37b52208a6ad,2026-08-31 02:33:15.681529+00:00,2026-08-31T03:49:06.667979+00:00
lootcrate,https://lootcrate.com/pages/contact-us,about_contact,76.3,50.0,lootcrate: alternating web_score rank,951b4a75-4c15-402b-99d8-c7c5f2d4a164,1f4dda0e-101c-555f-bb24-740493094899,5380b510-861c-4534-8342-502dff4bd4c8,2bb41b1c-d99a-436e-97d1-54e1c2a869b6,web.accessibility_heading_order,technical,content,medium,defect,Heading levels form a coherent document outline.,Do not skip heading levels when structuring page sections.,,sh-analyzer-1,sh-rules-1,"{""heading_levels"": [3, 1, 3, 3, 3, 3, 3, 3, 3, 6, 6, 6, 6, 6, 5, 3], ""level_skips"": 2}","full-document heading levels [3, 1, 3, 3, 3, 3, 3, 3, 3, 6, 6, 6, 6, 6, 5, 3]; skipped transitions: H1 → H3, H3 → H6","full-document heading levels [3, 1, 3, 3, 3, 3, 3, 3, 3, 6, 6, 6, 6, 6, 5, 3]; skipped transitions: H1 → H3, H3 → H6",verified,high,,not_replayed,809a06e1be67628d6429767c28ae82161badb12c2a98b445992a37b52208a6ad,2026-08-31 02:33:15.681529+00:00,2026-08-31T03:49:06.667979+00:00
lootcrate,https://lootcrate.com/pages/contact-us,about_contact,76.3,50.0,lootcrate: alternating web_score rank,951b4a75-4c15-402b-99d8-c7c5f2d4a164,8e682d08-2e3d-5f18-b826-dac61547b14b,38563bc8-edd2-4f1a-a467-1279f188b394,675eaa0d-693f-48f2-a5eb-70238ba5033c,web.accessibility_image_alt,technical,content,medium,defect,Informative images declare alternative text.,"Add alt text to informative images; use alt="""" for decoration.",,sh-analyzer-1,sh-rules-1,"{""decorative_alt"": 1, ""image_count"": 9, ""missing_alt"": 1}",1 images omit alt: img[9] src=,1 images omit alt: img[9] src=,verified,high,,not_replayed,809a06e1be67628d6429767c28ae82161badb12c2a98b445992a37b52208a6ad,2026-08-31 02:33:15.681529+00:00,2026-08-31T03:49:06.667979+00:00
lootcrate,https://lootcrate.com/collections/quakecon-sale,category,76.3,16.7,lootcrate: alternating aeo_score rank,951b4a75-4c15-402b-99d8-c7c5f2d4a164,01033395-905f-5f67-b28d-0a7748bf20f5,0cefbc37-43a5-43a3-9756-cc5cbf5aafa3,873520d2-3ea4-46c3-b637-22a93cb1b378,aeo.assortment_freshness_signal,aeo,citability,medium,defect,Category pages expose an updated timestamp for the assortment.,Expose a publication or update timestamp for the assortment.,freshness_signal_missing,sh-analyzer-1,sh-rules-1,"{""reason"": ""freshness_signal_missing"", ""timestamp"": """", ""timestamp_source"": """"}",No date/time freshness signal found in HTTP time/meta/JSON-LD fields,No date/time freshness signal found in HTTP time/meta/JSON-LD fields,verified,high,,not_replayed,7007dd6198763d6beccd4995c71024bb4edb6dfa858dac9fc897c3813e53f022,2026-08-31 02:34:36.106878+00:00,2026-08-31T03:49:06.999471+00:00
lootcrate,https://lootcrate.com/collections/quakecon-sale,category,76.3,16.7,lootcrate: alternating aeo_score rank,951b4a75-4c15-402b-99d8-c7c5f2d4a164,06ea11cc-9b3c-5237-bc52-0e0d081137ac,4ff85e21-176b-4eb4-84d4-915315ffb1ea,c06b9c6d-e021-40cd-81d1-f0c500884c11,aeo.heading_hierarchy,aeo,content,medium,defect,Heading levels form a coherent page-kind-independent outline.,Use sequential heading levels to express content hierarchy.,,sh-analyzer-1,sh-rules-1,"{""levels"": [1, 3], ""skips"": [{""from"": 1, ""to"": 3}]}","primary-content (main) heading levels [1, 3]; skipped transitions: H1 → H3","primary-content (main) heading levels [1, 3]; skipped transitions: H1 → H3",verified,high,missing,retained_verified,7007dd6198763d6beccd4995c71024bb4edb6dfa858dac9fc897c3813e53f022,2026-08-31 02:34:36.106878+00:00,2026-08-31T03:49:06.999471+00:00
lootcrate,https://lootcrate.com/collections/quakecon-sale,category,76.3,16.7,lootcrate: alternating aeo_score rank,951b4a75-4c15-402b-99d8-c7c5f2d4a164,e23df4bf-d267-5ce6-8f96-fb5fac1548e2,86926700-0917-41c4-a57b-ff0f18d464c9,0c67d701-1861-45cf-a788-c9cbb9ad28b9,aeo.listing_answer_set,aeo,content,medium,defect,Category pages expose a collection purpose and crawlable item set.,Add a clear H1 and crawlable links to collection items.,,sh-analyzer-1,sh-rules-1,"{""atoms"": [{""condition"": """", ""evidence"": true, ""name"": ""collection_purpose"", ""outcome"": ""satisfied"", ""required"": true}, {""condition"": """", ""evidence"": 0, ""name"": ""item_set"", ""outcome"": ""missing"", ""required"": true}], ""threshold"": ""all_required""}",The only eight /products/ anchors are two duplicate sets in shared mobile/header navigation; primary content exposes no crawlable collection item set.,The only eight /products/ anchors are two duplicate sets in shared mobile/header navigation; primary content exposes no crawlable collection item set.,verified,high,missing,retained_verified,7007dd6198763d6beccd4995c71024bb4edb6dfa858dac9fc897c3813e53f022,2026-08-31 02:34:36.106878+00:00,2026-08-31T03:49:06.999471+00:00
lootcrate,https://lootcrate.com/collections/quakecon-sale,category,76.3,16.7,lootcrate: alternating aeo_score rank,951b4a75-4c15-402b-99d8-c7c5f2d4a164,d15c3995-e44a-598b-9bae-7408a27395de,90376e7b-830f-4bf5-98ec-1d92987edb39,ea03bea5-ec5a-4315-9ca1-167f4657f216,aeo.listing_item_facts,aeo,citability,medium,defect,Category items expose crawlable labels and targets.,Render item names and crawlable product links in the collection.,,sh-analyzer-1,sh-rules-1,"{""item_fact_count"": 0, ""items"": []}",No primary-content product card supplies a title/target pair; the eight product anchors belong only to shared mobile/header navigation.,No primary-content product card supplies a title/target pair; the eight product anchors belong only to shared mobile/header navigation.,verified,high,missing,retained_verified,7007dd6198763d6beccd4995c71024bb4edb6dfa858dac9fc897c3813e53f022,2026-08-31 02:34:36.106878+00:00,2026-08-31T03:49:06.999471+00:00
lootcrate,https://lootcrate.com/collections/quakecon-sale,category,76.3,16.7,lootcrate: alternating aeo_score rank,951b4a75-4c15-402b-99d8-c7c5f2d4a164,29588deb-54d3-5ee2-9c9d-4ebaa41727fc,72efe44c-f462-4cde-b58b-fb9fcb70dfc8,7c9410e5-a8bd-49cc-9ee1-86931c36180f,aeo.schema_expected_for_type,aeo,structured_data,low,advisory,Structured data includes a schema.org type expected for the classified page type.,Add the expected schema.org type for this page type (PAGE_KIND_EXPECTED_SCHEMA).,expected_schema_absent,sh-analyzer-1,sh-rules-1,"{""candidate_count"": 0, ""expected_types"": [""CollectionPage"", ""ItemList""], ""found_types"": [], ""page_kind"": ""category"", ""primary_schema_type"": """", ""reason"": ""expected_schema_absent""}","expected one of ['CollectionPage', 'ItemList']; no expected type in HTTP JSON-LD/microdata (found [])","expected one of ['CollectionPage', 'ItemList']; no expected type in HTTP JSON-LD/microdata (found [])",verified,high,,not_replayed,7007dd6198763d6beccd4995c71024bb4edb6dfa858dac9fc897c3813e53f022,2026-08-31 02:34:36.106878+00:00,2026-08-31T03:49:06.999471+00:00
lootcrate,https://lootcrate.com/collections/quakecon-sale,category,76.3,16.7,lootcrate: alternating aeo_score rank,951b4a75-4c15-402b-99d8-c7c5f2d4a164,06ed5a73-7c9a-5fd5-a481-206ffa1c49db,a0a7a055-8f70-49d0-ab01-1ae42e6d6dc0,a90ed8e2-612d-46a0-a9fd-6d1727eaa299,web.accessibility_form_names,technical,content,high,defect,Form controls have a deterministic accessible name.,Associate each form control with a label or ARIA name.,,sh-analyzer-1,sh-rules-1,"{""control_count"": 6, ""missing_accessible_name"": 2}",1 unnamed of 2 HTTP-visible controls: input[1] id=- name=q,1 unnamed of 2 HTTP-visible controls: input[1] id=- name=q,verified,high,missing,retained_verified,7007dd6198763d6beccd4995c71024bb4edb6dfa858dac9fc897c3813e53f022,2026-08-31 02:34:36.106878+00:00,2026-08-31T03:49:06.999471+00:00
lootcrate,https://lootcrate.com/collections/quakecon-sale,category,76.3,16.7,lootcrate: alternating aeo_score rank,951b4a75-4c15-402b-99d8-c7c5f2d4a164,1f4dda0e-101c-555f-bb24-740493094899,df0ec35a-43d9-4744-834f-79bfc218492b,f87be522-0179-4fdb-8293-7d8991ccc242,web.accessibility_heading_order,technical,content,medium,defect,Heading levels form a coherent document outline.,Do not skip heading levels when structuring page sections.,,sh-analyzer-1,sh-rules-1,"{""heading_levels"": [3, 1, 3, 6, 6, 6, 6, 6, 5, 3], ""level_skips"": 2}","full-document heading levels [3, 1, 3, 6, 6, 6, 6, 6, 5, 3]; skipped transitions: H1 → H3, H3 → H6","full-document heading levels [3, 1, 3, 6, 6, 6, 6, 6, 5, 3]; skipped transitions: H1 → H3, H3 → H6",verified,high,,not_replayed,7007dd6198763d6beccd4995c71024bb4edb6dfa858dac9fc897c3813e53f022,2026-08-31 02:34:36.106878+00:00,2026-08-31T03:49:06.999471+00:00
lootcrate,https://lootcrate.com/collections/quakecon-sale,category,76.3,16.7,lootcrate: alternating aeo_score rank,951b4a75-4c15-402b-99d8-c7c5f2d4a164,8e682d08-2e3d-5f18-b826-dac61547b14b,932a9e8b-a04d-4545-aa3d-a79cfbc50ca6,3bdf53e6-c547-4333-8c7f-0dacd28f8e7e,web.accessibility_image_alt,technical,content,medium,defect,Informative images declare alternative text.,"Add alt text to informative images; use alt="""" for decoration.",,sh-analyzer-1,sh-rules-1,"{""decorative_alt"": 1, ""image_count"": 9, ""missing_alt"": 1}",1 images omit alt: img[9] src=,1 images omit alt: img[9] src=,verified,high,,not_replayed,7007dd6198763d6beccd4995c71024bb4edb6dfa858dac9fc897c3813e53f022,2026-08-31 02:34:36.106878+00:00,2026-08-31T03:49:06.999471+00:00
lootcrate,https://lootcrate.com/blogs/news/contact,article,76.3,25.5,lootcrate: alternating web_score rank,951b4a75-4c15-402b-99d8-c7c5f2d4a164,2c222d59-e192-5b9b-97d5-3d236da771a4,a611400d-8cd5-4da0-a6d8-09d7f5cdd85a,aefa99a8-9ba2-4de6-a6f5-ad45f50437e0,aeo.editorial_lead_present,aeo,content,low,advisory,Editorial content opens with a substantive lead paragraph.,Add a concise lead that establishes the page topic.,editorial_lead_missing,sh-analyzer-1,sh-rules-1,"{""lead_preview"": """", ""lead_word_count"": 0, ""minimum_words"": 10, ""reason"": ""editorial_lead_missing""}",first primary-content paragraph has 3 words,first primary-content paragraph has 3 words,verified,high,missing,retained_verified,6a8b5c1aa773eab4b67c86e5eefd136f4e734402be08da4715ed492f094c2567,2026-08-31 02:33:08.867359+00:00,2026-08-31T03:49:07.263110+00:00
lootcrate,https://lootcrate.com/blogs/news/contact,article,76.3,25.5,lootcrate: alternating web_score rank,951b4a75-4c15-402b-99d8-c7c5f2d4a164,06ea11cc-9b3c-5237-bc52-0e0d081137ac,44718188-c54e-44f2-bfeb-35c655214694,162ac019-0d88-4cc9-bdf9-b412720c91ba,aeo.heading_hierarchy,aeo,content,medium,defect,Heading levels form a coherent page-kind-independent outline.,Use sequential heading levels to express content hierarchy.,,sh-analyzer-1,sh-rules-1,"{""levels"": [2, 1, 3], ""skips"": [{""from"": 1, ""to"": 3}]}","primary-content (main) heading levels [2, 1, 3, 3, 3, 3, 3, 3, 3, 3, 3, 3, 3]; skipped transitions: H1 → H3","primary-content (main) heading levels [2, 1, 3, 3, 3, 3, 3, 3, 3, 3, 3, 3, 3]; skipped transitions: H1 → H3",verified,high,missing,retained_verified,6a8b5c1aa773eab4b67c86e5eefd136f4e734402be08da4715ed492f094c2567,2026-08-31 02:33:08.867359+00:00,2026-08-31T03:49:07.263110+00:00
lootcrate,https://lootcrate.com/blogs/news/contact,article,76.3,25.5,lootcrate: alternating web_score rank,951b4a75-4c15-402b-99d8-c7c5f2d4a164,bc4a3bc0-8024-51ec-8af6-1779609dfe48,f97d6f94-cb41-4946-92bc-ba9a28614be8,9795ea10-8479-4fd7-9eec-273e77943638,aeo.schema_recommended_present,aeo,structured_data,low,advisory,Expected-type structured data carries the recommended properties for the page type.,Add the recommended properties to strengthen the schema markup.,,sh-analyzer-1,sh-rules-1,"{""checked_blocks"": 1, ""expected_types"": [""Article"", ""BlogPosting"", ""NewsArticle""], ""extraction"": ""microdata_shallow"", ""missing"": [""author"", ""datePublished"", ""image"", ""dateModified""], ""page_kind"": ""article"", ""recommended"": [""author"", ""datePublished"", ""image"", ""dateModified""], ""schema_type"": ""Article""}","expected ['BlogPosting', 'NewsArticle', 'Article']; missing ['author', 'datePublished', 'image', 'dateModified'] in 1 matching schema block(s); raw types=['Article']","expected ['BlogPosting', 'NewsArticle', 'Article']; missing ['author', 'datePublished', 'image', 'dateModified'] in 1 matching schema block(s); raw types=['Article']",verified,high,,not_replayed,6a8b5c1aa773eab4b67c86e5eefd136f4e734402be08da4715ed492f094c2567,2026-08-31 02:33:08.867359+00:00,2026-08-31T03:49:07.263110+00:00
lootcrate,https://lootcrate.com/blogs/news/contact,article,76.3,25.5,lootcrate: alternating web_score rank,951b4a75-4c15-402b-99d8-c7c5f2d4a164,6745a53a-1f1f-5f75-af32-765a40e6384a,a62bd5e2-7cab-4add-8156-92a9302a5454,d26d452c-e1a3-4780-9535-a11c31ee74a3,aeo.schema_required_valid,aeo,structured_data,high,defect,Expected-type structured data carries every required property for the page type.,Add the missing required properties to the schema markup.,,sh-analyzer-1,sh-rules-1,"{""checked_blocks"": 1, ""expected_types"": [""Article"", ""BlogPosting"", ""NewsArticle""], ""extraction"": ""microdata_shallow"", ""missing"": [""headline""], ""page_kind"": ""article"", ""required"": [""headline""], ""schema_type"": ""Article""}","expected ['BlogPosting', 'NewsArticle', 'Article']; missing ['headline'] in 1 matching schema block(s); raw types=['Article']","expected ['BlogPosting', 'NewsArticle', 'Article']; missing ['headline'] in 1 matching schema block(s); raw types=['Article']",verified,high,,not_replayed,6a8b5c1aa773eab4b67c86e5eefd136f4e734402be08da4715ed492f094c2567,2026-08-31 02:33:08.867359+00:00,2026-08-31T03:49:07.263110+00:00
lootcrate,https://lootcrate.com/blogs/news/contact,article,76.3,25.5,lootcrate: alternating web_score rank,951b4a75-4c15-402b-99d8-c7c5f2d4a164,49fbaa7d-d765-566e-a721-a1dfe6445dae,affe2f69-db99-4885-a866-1f2e1e9aa30f,869192cb-8006-4c6f-b893-057424d3e9d5,aeo.visible_attribution,aeo,citability,medium,defect,Authored content exposes a visible creator name and linked profile.,Add a visible creator byline linked to a stable profile or biography.,visible_attribution_absent,sh-analyzer-1,sh-rules-1,"{""declared_name"": """", ""declared_source"": """", ""reason"": ""visible_attribution_absent"", ""visible_name"": """", ""visible_profile_url"": """"}","No visible creator name + linked profile found (name='', profile='')","No visible creator name + linked profile found (name='', profile='')",verified,high,missing,retained_verified,6a8b5c1aa773eab4b67c86e5eefd136f4e734402be08da4715ed492f094c2567,2026-08-31 02:33:08.867359+00:00,2026-08-31T03:49:07.263110+00:00
lootcrate,https://lootcrate.com/blogs/news/contact,article,76.3,25.5,lootcrate: alternating web_score rank,951b4a75-4c15-402b-99d8-c7c5f2d4a164,06ed5a73-7c9a-5fd5-a481-206ffa1c49db,8ac0dec9-fb09-4a48-94ca-00db64d793a7,4cfababc-7b8c-474e-acb0-670f534917d6,web.accessibility_form_names,technical,content,high,defect,Form controls have a deterministic accessible name.,Associate each form control with a label or ARIA name.,,sh-analyzer-1,sh-rules-1,"{""control_count"": 7, ""missing_accessible_name"": 2}",1 unnamed of 3 HTTP-visible controls: input[2] id=- name=q,1 unnamed of 3 HTTP-visible controls: input[2] id=- name=q,verified,high,missing,retained_verified,6a8b5c1aa773eab4b67c86e5eefd136f4e734402be08da4715ed492f094c2567,2026-08-31 02:33:08.867359+00:00,2026-08-31T03:49:07.263110+00:00
lootcrate,https://lootcrate.com/blogs/news/contact,article,76.3,25.5,lootcrate: alternating web_score rank,951b4a75-4c15-402b-99d8-c7c5f2d4a164,1f4dda0e-101c-555f-bb24-740493094899,7f9de24a-8d91-4de2-80b4-ca965eadfb58,d144803d-ecd4-4c8d-8b6c-a7e17910254f,web.accessibility_heading_order,technical,content,medium,defect,Heading levels form a coherent document outline.,Do not skip heading levels when structuring page sections.,,sh-analyzer-1,sh-rules-1,"{""heading_levels"": [3, 2, 1, 3, 3, 3, 3, 3, 3, 3, 3, 3, 3, 3, 6, 6, 6, 6, 6, 5, 3], ""level_skips"": 2}","full-document heading levels [3, 2, 1, 3, 3, 3, 3, 3, 3, 3, 3, 3, 3, 3, 6, 6, 6, 6, 6, 5, 3]; skipped transitions: H1 → H3, H3 → H6","full-document heading levels [3, 2, 1, 3, 3, 3, 3, 3, 3, 3, 3, 3, 3, 3, 6, 6, 6, 6, 6, 5, 3]; skipped transitions: H1 → H3, H3 → H6",verified,high,,not_replayed,6a8b5c1aa773eab4b67c86e5eefd136f4e734402be08da4715ed492f094c2567,2026-08-31 02:33:08.867359+00:00,2026-08-31T03:49:07.263110+00:00
lootcrate,https://lootcrate.com/blogs/news/contact,article,76.3,25.5,lootcrate: alternating web_score rank,951b4a75-4c15-402b-99d8-c7c5f2d4a164,8e682d08-2e3d-5f18-b826-dac61547b14b,2b6b177e-1ee1-4214-aefe-baf12f8a8ca5,30e418e6-de06-426a-ab06-ab7e33aea5cc,web.accessibility_image_alt,technical,content,medium,defect,Informative images declare alternative text.,"Add alt text to informative images; use alt="""" for decoration.",,sh-analyzer-1,sh-rules-1,"{""decorative_alt"": 1, ""image_count"": 9, ""missing_alt"": 1}",1 images omit alt: img[9] src=,1 images omit alt: img[9] src=,verified,high,,not_replayed,6a8b5c1aa773eab4b67c86e5eefd136f4e734402be08da4715ed492f094c2567,2026-08-31 02:33:08.867359+00:00,2026-08-31T03:49:07.263110+00:00
lootcrate,https://lootcrate.com/,homepage,76.3,25.0,lootcrate: alternating aeo_score rank,951b4a75-4c15-402b-99d8-c7c5f2d4a164,100f2b4e-52eb-5b8d-9536-36202f9ef409,b1d34b5b-b1f3-4768-a16d-50ec81ebcd1e,ba149c36-11f1-442b-bfc5-bb0294eeddb3,aeo.entity_value_proposition,aeo,content,low,defect,Entity pages name the entity and state a substantive proposition.,Pair a clear H1 with a concise first explanatory paragraph.,,sh-analyzer-1,sh-rules-1,"{""atoms"": [{""condition"": """", ""evidence"": """", ""name"": ""entity_identity"", ""outcome"": ""missing"", ""required"": true}, {""condition"": ""page_trait:contact_intent"", ""evidence"": false, ""name"": ""contact_path"", ""outcome"": ""not_applicable"", ""required"": true}, {""condition"": ""not_page_trait:contact_intent"", ""evidence"": {""word_count"": 0}, ""name"": ""value_proposition"", ""outcome"": ""missing"", ""required"": true}], ""threshold"": ""all_required""}","Missing HTTP identity/proposition evidence (identity=False, visible_words=291, headings=['THE BEST SURPRISE YOU KNOW IS COMING', 'WANDS AT THE READY', 'EPIC TEES, EPIC VALUE'])","Missing HTTP identity/proposition evidence (identity=False, visible_words=291, headings=['THE BEST SURPRISE YOU KNOW IS COMING', 'WANDS AT THE READY', 'EPIC TEES, EPIC VALUE'])",verified,medium,missing,retained_verified,e66dfc9b0455975b2188efacb99f2b3fe863ed7df56cf64f831d67192d60ee7b,2026-08-31 02:33:01.794672+00:00,2026-08-31T03:49:07.633326+00:00
lootcrate,https://lootcrate.com/,homepage,76.3,25.0,lootcrate: alternating aeo_score rank,951b4a75-4c15-402b-99d8-c7c5f2d4a164,06ea11cc-9b3c-5237-bc52-0e0d081137ac,0a89a2f3-7a42-41b6-b057-69bfa57c0e46,2f537e0e-a4e2-4375-8804-1e5db90905bb,aeo.heading_hierarchy,aeo,content,medium,defect,Heading levels form a coherent page-kind-independent outline.,Use sequential heading levels to express content hierarchy.,no_primary_headings,sh-analyzer-1,sh-rules-1,"{""levels"": [], ""reason"": ""no_primary_headings""}","primary-content (main) heading levels [2, 2, 2, 2, 3, 3, 3, 3, 3, 3, 3, 3, 2]; no skipped transitions","primary-content (main) heading levels [2, 2, 2, 2, 3, 3, 3, 3, 3, 3, 3, 3, 2]; no skipped transitions",wrong,high,satisfied,removed_wrong,e66dfc9b0455975b2188efacb99f2b3fe863ed7df56cf64f831d67192d60ee7b,2026-08-31 02:33:01.794672+00:00,2026-08-31T03:49:07.633326+00:00
lootcrate,https://lootcrate.com/,homepage,76.3,25.0,lootcrate: alternating aeo_score rank,951b4a75-4c15-402b-99d8-c7c5f2d4a164,bad83c01-d1ae-5e27-bf3c-6bc3a63df1c2,2944ddc3-0253-4eae-9733-180d9c44c5e1,87a48191-548c-4ece-b735-227e47824271,aeo.organization_identity,aeo,citability,medium,defect,Organization markup identifies the site with a name and URL.,Add Organization name and URL on the site root.,,sh-analyzer-1,sh-rules-1,"{""complete_identity_count"": 0, ""has_organization"": false, ""identities"": []}",No named Organization schema found in HTTP markup; types=[],No named Organization schema found in HTTP markup; types=[],verified,high,,not_replayed,e66dfc9b0455975b2188efacb99f2b3fe863ed7df56cf64f831d67192d60ee7b,2026-08-31 02:33:01.794672+00:00,2026-08-31T03:49:07.633326+00:00
lootcrate,https://lootcrate.com/,homepage,76.3,25.0,lootcrate: alternating aeo_score rank,951b4a75-4c15-402b-99d8-c7c5f2d4a164,29588deb-54d3-5ee2-9c9d-4ebaa41727fc,d55b7c10-98c6-4016-bd59-3903d1ddc31c,ecbb42e8-74b8-457e-85e4-fd3d8061bd6a,aeo.schema_expected_for_type,aeo,structured_data,low,advisory,Structured data includes a schema.org type expected for the classified page type.,Add the expected schema.org type for this page type (PAGE_KIND_EXPECTED_SCHEMA).,expected_schema_absent,sh-analyzer-1,sh-rules-1,"{""candidate_count"": 0, ""expected_types"": [""Organization"", ""WebSite""], ""found_types"": [], ""page_kind"": ""homepage"", ""primary_schema_type"": """", ""reason"": ""expected_schema_absent""}","expected one of ['Organization', 'WebSite']; no expected type in HTTP JSON-LD/microdata (found [])","expected one of ['Organization', 'WebSite']; no expected type in HTTP JSON-LD/microdata (found [])",verified,high,,not_replayed,e66dfc9b0455975b2188efacb99f2b3fe863ed7df56cf64f831d67192d60ee7b,2026-08-31 02:33:01.794672+00:00,2026-08-31T03:49:07.633326+00:00
lootcrate,https://lootcrate.com/,homepage,76.3,25.0,lootcrate: alternating aeo_score rank,951b4a75-4c15-402b-99d8-c7c5f2d4a164,d868033c-b601-53ef-a38a-4ebec45d16b1,65bfb525-3850-49ef-b180-c303c0cf1759,2d3415d8-452d-468c-b796-01ea68bb0242,technical.broken_internal_link,technical,indexability,high,defect,Crawlable internal links resolve without an HTTP error.,Repair or remove internal links whose targets return errors.,,sh-analyzer-1,sh-rules-1,"{""checked_count"": 2626, ""failing_urls"": [""https://lootcrate.com/pages/special-terms"", ""https://lootcrate.com/brand"", ""https://lootcrate.com/media-inquiries"", ""https://lootcrate.com/partner"", ""https://lootcrate.com/supplier"", ""https://lootcrate.com/pages/firefly-digital-inserts"", ""https://lootcrate.com/pages/past-limited-edition-crates"", ""https://lootcrate.com/pages/wwe-digital-inserts"", ""https://lootcrate.com/pages/quakecon""], ""failure_count"": 9, ""normalized_coverage"": 0.8162884675163196, ""normalized_score"": 0.9965727341964966, ""resolution_source_ids"": [""07e68fba-f5d2-48de-b0b8-01ea20943432"", ""08a8775a-8d44-43b1-9149-d2fc195a952f"", ""09a36ef9-d618-480f-92f1-c4125955e13a"", ""09df15d1-cbb2-4edc-b6f2-3875d1fc0e74"", ""0af23616-3959-460a-b9bd-188e2cd6e469"", ""0b8203a5-41ac-43ba-b3fd-a2f64d132d3f"", ""0c390d58-861f-453a-aaf0-e6c8f668674e"", ""0d95cfa2-5734-4484-8cc5-7586660379ac"", ""0e6cf43d-96b5-42a1-97a0-1f70f22a0505"", ""100be66d-c68b-45f3-bbbb-45c147e7043f""], ""total_count"": 3217}",The issue is not independently observable from one frozen URL response under its graph/site contract,The issue is not independently observable from one frozen URL response under its graph/site contract,wrong,low,,not_replayed,e66dfc9b0455975b2188efacb99f2b3fe863ed7df56cf64f831d67192d60ee7b,2026-08-31 02:33:01.794672+00:00,2026-08-31T03:49:07.633326+00:00
lootcrate,https://lootcrate.com/,homepage,76.3,25.0,lootcrate: alternating aeo_score rank,951b4a75-4c15-402b-99d8-c7c5f2d4a164,06ed5a73-7c9a-5fd5-a481-206ffa1c49db,49c9d3a8-9317-4829-b127-3be84be62927,ea9c18df-83e1-44b9-a1c5-98886a0a8ae2,web.accessibility_form_names,technical,content,high,defect,Form controls have a deterministic accessible name.,Associate each form control with a label or ARIA name.,,sh-analyzer-1,sh-rules-1,"{""control_count"": 6, ""missing_accessible_name"": 2}",1 unnamed of 2 HTTP-visible controls: input[1] id=- name=q,1 unnamed of 2 HTTP-visible controls: input[1] id=- name=q,verified,high,missing,retained_verified,e66dfc9b0455975b2188efacb99f2b3fe863ed7df56cf64f831d67192d60ee7b,2026-08-31 02:33:01.794672+00:00,2026-08-31T03:49:07.633326+00:00
lootcrate,https://lootcrate.com/,homepage,76.3,25.0,lootcrate: alternating aeo_score rank,951b4a75-4c15-402b-99d8-c7c5f2d4a164,1f4dda0e-101c-555f-bb24-740493094899,bed443d1-1091-4e8d-9814-f3a4ee1a1f3f,3fb1c83d-346f-4afa-a1be-419403a877ce,web.accessibility_heading_order,technical,content,medium,defect,Heading levels form a coherent document outline.,Do not skip heading levels when structuring page sections.,,sh-analyzer-1,sh-rules-1,"{""heading_levels"": [3, 2, 2, 2, 2, 3, 3, 3, 3, 3, 3, 3, 3, 2, 6, 6, 6, 6, 6, 5, 3], ""level_skips"": 1}","full-document heading levels [3, 2, 2, 2, 2, 3, 3, 3, 3, 3, 3, 3, 3, 2, 6, 6, 6, 6, 6, 5, 3]; skipped transitions: H2 → H6","full-document heading levels [3, 2, 2, 2, 2, 3, 3, 3, 3, 3, 3, 3, 3, 2, 6, 6, 6, 6, 6, 5, 3]; skipped transitions: H2 → H6",verified,high,,not_replayed,e66dfc9b0455975b2188efacb99f2b3fe863ed7df56cf64f831d67192d60ee7b,2026-08-31 02:33:01.794672+00:00,2026-08-31T03:49:07.633326+00:00
lootcrate,https://lootcrate.com/,homepage,76.3,25.0,lootcrate: alternating aeo_score rank,951b4a75-4c15-402b-99d8-c7c5f2d4a164,8e682d08-2e3d-5f18-b826-dac61547b14b,1b298a23-648c-434b-8b57-c570edb5e769,67c04632-cfea-46af-a0fb-c476eca006d9,web.accessibility_image_alt,technical,content,medium,defect,Informative images declare alternative text.,"Add alt text to informative images; use alt="""" for decoration.",,sh-analyzer-1,sh-rules-1,"{""decorative_alt"": 19, ""image_count"": 33, ""missing_alt"": 1}",1 images omit alt: img[33] src=,1 images omit alt: img[33] src=,verified,high,,not_replayed,e66dfc9b0455975b2188efacb99f2b3fe863ed7df56cf64f831d67192d60ee7b,2026-08-31 02:33:01.794672+00:00,2026-08-31T03:49:07.633326+00:00
lootcrate,https://lootcrate.com/pages/accessibility,trust_policy,76.3,100.0,lootcrate: alternating web_score rank,951b4a75-4c15-402b-99d8-c7c5f2d4a164,06ed5a73-7c9a-5fd5-a481-206ffa1c49db,e60f973f-bb7b-4045-a816-6cfbb720fd9a,5a1dd0fb-8655-4388-8b58-3e0b12f734e2,web.accessibility_form_names,technical,content,high,defect,Form controls have a deterministic accessible name.,Associate each form control with a label or ARIA name.,,sh-analyzer-1,sh-rules-1,"{""control_count"": 6, ""missing_accessible_name"": 2}",1 unnamed of 2 HTTP-visible controls: input[1] id=- name=q,1 unnamed of 2 HTTP-visible controls: input[1] id=- name=q,verified,high,missing,retained_verified,6ef769dc4d933c4705ea8790677d78232e7a213e1ac16ab908215f4d2c9c0177,2026-08-31 02:33:12.978223+00:00,2026-08-31T03:49:07.986306+00:00
lootcrate,https://lootcrate.com/pages/accessibility,trust_policy,76.3,100.0,lootcrate: alternating web_score rank,951b4a75-4c15-402b-99d8-c7c5f2d4a164,1f4dda0e-101c-555f-bb24-740493094899,20aef245-409f-48c4-a8f2-c6b0ac5c9045,fb59d61c-fe60-4de6-a0b7-ea5eab2d7e96,web.accessibility_heading_order,technical,content,medium,defect,Heading levels form a coherent document outline.,Do not skip heading levels when structuring page sections.,,sh-analyzer-1,sh-rules-1,"{""heading_levels"": [3, 1, 2, 3, 3, 3, 4, 4, 4, 4, 4, 4, 4, 4, 4, 4, 4, 4, 4, 2, 6, 6, 6, 6, 6, 5, 3], ""level_skips"": 1}","full-document heading levels [3, 1, 2, 3, 3, 3, 4, 4, 4, 4, 4, 4, 4, 4, 4, 4, 4, 4, 4, 2, 6, 6, 6, 6, 6, 5, 3]; skipped transitions: H2 → H6","full-document heading levels [3, 1, 2, 3, 3, 3, 4, 4, 4, 4, 4, 4, 4, 4, 4, 4, 4, 4, 4, 2, 6, 6, 6, 6, 6, 5, 3]; skipped transitions: H2 → H6",verified,high,,not_replayed,6ef769dc4d933c4705ea8790677d78232e7a213e1ac16ab908215f4d2c9c0177,2026-08-31 02:33:12.978223+00:00,2026-08-31T03:49:07.986306+00:00
lootcrate,https://lootcrate.com/pages/accessibility,trust_policy,76.3,100.0,lootcrate: alternating web_score rank,951b4a75-4c15-402b-99d8-c7c5f2d4a164,8e682d08-2e3d-5f18-b826-dac61547b14b,4f69b0fd-d183-4db9-b245-ab627b9a0a91,c180facd-2335-42d6-a6a5-0eebb02b4507,web.accessibility_image_alt,technical,content,medium,defect,Informative images declare alternative text.,"Add alt text to informative images; use alt="""" for decoration.",,sh-analyzer-1,sh-rules-1,"{""decorative_alt"": 1, ""image_count"": 9, ""missing_alt"": 1}",1 images omit alt: img[9] src=,1 images omit alt: img[9] src=,verified,high,,not_replayed,6ef769dc4d933c4705ea8790677d78232e7a213e1ac16ab908215f4d2c9c0177,2026-08-31 02:33:12.978223+00:00,2026-08-31T03:49:07.986306+00:00
lootcrate,https://lootcrate.com/products/loot-fright,product,76.3,16.1,lootcrate: alternating aeo_score rank,951b4a75-4c15-402b-99d8-c7c5f2d4a164,06ea11cc-9b3c-5237-bc52-0e0d081137ac,849d7b4d-4b9b-4144-92a0-a6a9799683c7,2e041690-e376-4687-a6a3-e6f2d45637a7,aeo.heading_hierarchy,aeo,content,medium,defect,Heading levels form a coherent page-kind-independent outline.,Use sequential heading levels to express content hierarchy.,,sh-analyzer-1,sh-rules-1,"{""levels"": [1, 3, 3, 5, 5, 5, 5, 3], ""skips"": [{""from"": 1, ""to"": 3}, {""from"": 3, ""to"": 5}]}","primary-content (main) heading levels [1, 3, 3, 5, 5, 5, 5, 3]; skipped transitions: H1 → H3, H3 → H5","primary-content (main) heading levels [1, 3, 3, 5, 5, 5, 5, 3]; skipped transitions: H1 → H3, H3 → H5",verified,high,missing,retained_verified,bea7f0087db700472acabad308a3cd7221dee7d6509832816c137bd70e017ba7,2026-08-31 02:33:03.310999+00:00,2026-08-31T03:49:08.289779+00:00
lootcrate,https://lootcrate.com/products/loot-fright,product,76.3,16.1,lootcrate: alternating aeo_score rank,951b4a75-4c15-402b-99d8-c7c5f2d4a164,cea9a66e-dff7-5ef8-aea4-172cc8e1b7c0,9100ecdd-fd88-4372-bc5e-b0030c084755,4a1431ac-8a77-4f33-82e7-528531941898,aeo.offer_freshness_signal,aeo,citability,medium,defect,"Product pages expose dated, currency-qualified Offer evidence.",Expose a currency and an updated timestamp with Offer data.,offer_state_missing,sh-analyzer-1,sh-rules-1,"{""currency"": [], ""offer"": false, ""reason"": ""offer_state_missing"", ""timestamp"": """", ""timestamp_source"": """"}",No date/time freshness signal found in HTTP time/meta/JSON-LD fields,No date/time freshness signal found in HTTP time/meta/JSON-LD fields,verified,high,,not_replayed,bea7f0087db700472acabad308a3cd7221dee7d6509832816c137bd70e017ba7,2026-08-31 02:33:03.310999+00:00,2026-08-31T03:49:08.289779+00:00
lootcrate,https://lootcrate.com/products/loot-fright,product,76.3,16.1,lootcrate: alternating aeo_score rank,951b4a75-4c15-402b-99d8-c7c5f2d4a164,74ef2fa1-7a40-5ef6-8ab6-2a68fb3bc67f,d729699b-a968-4a29-8a53-62435eb0fe5d,23e2c7d3-f2af-4b01-a9fa-9c889fea1244,aeo.product_answer_facts,aeo,content,medium,defect,"Product pages expose identity, offer, availability, and variants when applicable.",Expose the required product answer facts in visible content or structured data.,,sh-analyzer-1,sh-rules-1,"{""atoms"": [{""condition"": """", ""evidence"": true, ""name"": ""identity"", ""outcome"": ""satisfied"", ""required"": true}, {""condition"": """", ""evidence"": false, ""name"": ""offer"", ""outcome"": ""missing"", ""required"": true}, {""condition"": """", ""evidence"": [""Sold Out""], ""name"": ""availability"", ""outcome"": ""satisfied"", ""required"": true}, {""condition"": ""page_trait:has_variants"", ""evidence"": false, ""name"": ""variants"", ""outcome"": ""not_applicable"", ""required"": false}], ""threshold"": ""all_required_and_applicable""}","Missing product fact(s) in HTTP content: identity=True, offer=False, availability=True","Missing product fact(s) in HTTP content: identity=True, offer=False, availability=True",verified,medium,missing,retained_verified,bea7f0087db700472acabad308a3cd7221dee7d6509832816c137bd70e017ba7,2026-08-31 02:33:03.310999+00:00,2026-08-31T03:49:08.289779+00:00
lootcrate,https://lootcrate.com/products/loot-fright,product,76.3,16.1,lootcrate: alternating aeo_score rank,951b4a75-4c15-402b-99d8-c7c5f2d4a164,8a28fcfb-6a5f-532e-8da3-02a22ca5bae0,93ca54fa-eba1-4850-b801-20b2132dcccb,25e3a154-e24f-4472-9b43-6ca5b76c0b5f,aeo.product_brand_identity,aeo,citability,medium,defect,Product pages identify the brand or manufacturer.,Expose the product brand or manufacturer in Product markup.,,sh-analyzer-1,sh-rules-1,"{""brands"": []}",Product brand evidence present: ['microdata:itemprop=brand'],Product brand evidence present: ['microdata:itemprop=brand'],wrong,medium,satisfied,removed_wrong,bea7f0087db700472acabad308a3cd7221dee7d6509832816c137bd70e017ba7,2026-08-31 02:33:03.310999+00:00,2026-08-31T03:49:08.289779+00:00
lootcrate,https://lootcrate.com/products/loot-fright,product,76.3,16.1,lootcrate: alternating aeo_score rank,951b4a75-4c15-402b-99d8-c7c5f2d4a164,c82bb3bd-d8f1-5932-928d-6061357c66b1,43435190-3c76-4af1-8fd1-5ba0e63a8113,2495432e-b946-4cf5-b4cd-527b461fa3a6,aeo.product_evidence_facts,aeo,citability,medium,defect,"Product pages expose a stable SKU, GTIN, or MPN signal.",Expose a stable product identifier visibly or in Product markup.,,sh-analyzer-1,sh-rules-1,"{""identifiers"": [], ""visible_identifier_marker"": false}",No Product identifier property or visible SKU/GTIN/MPN marker found,No Product identifier property or visible SKU/GTIN/MPN marker found,verified,medium,,not_replayed,bea7f0087db700472acabad308a3cd7221dee7d6509832816c137bd70e017ba7,2026-08-31 02:33:03.310999+00:00,2026-08-31T03:49:08.289779+00:00
lootcrate,https://lootcrate.com/products/loot-fright,product,76.3,16.1,lootcrate: alternating aeo_score rank,951b4a75-4c15-402b-99d8-c7c5f2d4a164,bc4a3bc0-8024-51ec-8af6-1779609dfe48,a5cdc7d3-c8fc-4399-88d7-f497f4e17925,51fb9a8c-6318-4ffa-9166-695e5ec5e239,aeo.schema_recommended_present,aeo,structured_data,low,advisory,Expected-type structured data carries the recommended properties for the page type.,Add the recommended properties to strengthen the schema markup.,,sh-analyzer-1,sh-rules-1,"{""checked_blocks"": 1, ""expected_types"": [""Product""], ""extraction"": ""microdata_shallow"", ""missing"": [""sku"", ""gtin"", ""brand"", ""offers.price"", ""offers.priceCurrency"", ""offers.availability"", ""hasVariant"", ""aggregateRating"", ""offers.shippingDetails"", ""offers.hasMerchantReturnPolicy""], ""page_kind"": ""product"", ""recommended"": [""sku"", ""gtin"", ""brand"", ""offers.price"", ""offers.priceCurrency"", ""offers.availability"", ""hasVariant"", ""aggregateRating"", ""offers.shippingDetails"", ""offers.hasMerchantReturnPolicy""], ""schema_type"": ""Product""}","expected ['Product']; missing ['sku', 'gtin', 'offers.price', 'offers.priceCurrency', 'aggregateRating'] in 1 matching schema block(s); raw types=['Product']","expected ['Product']; missing ['sku', 'gtin', 'offers.price', 'offers.priceCurrency', 'aggregateRating'] in 1 matching schema block(s); raw types=['Product']",verified,high,,not_replayed,bea7f0087db700472acabad308a3cd7221dee7d6509832816c137bd70e017ba7,2026-08-31 02:33:03.310999+00:00,2026-08-31T03:49:08.289779+00:00
lootcrate,https://lootcrate.com/products/loot-fright,product,76.3,16.1,lootcrate: alternating aeo_score rank,951b4a75-4c15-402b-99d8-c7c5f2d4a164,6745a53a-1f1f-5f75-af32-765a40e6384a,49636c48-3513-4c00-a19c-4dbc9e33723b,9759d4be-990b-4ad6-8ce0-f897ed12d237,aeo.schema_required_valid,aeo,structured_data,high,defect,Expected-type structured data carries every required property for the page type.,Add the missing required properties to the schema markup.,,sh-analyzer-1,sh-rules-1,"{""checked_blocks"": 1, ""expected_types"": [""Product""], ""extraction"": ""microdata_shallow"", ""missing"": [""name"", ""offers""], ""page_kind"": ""product"", ""required"": [""name"", ""offers""], ""schema_type"": ""Product""}",expected ['Product']; missing ['offers'] in 1 matching schema block(s); raw types=['Product'],expected ['Product']; missing ['offers'] in 1 matching schema block(s); raw types=['Product'],verified,high,,not_replayed,bea7f0087db700472acabad308a3cd7221dee7d6509832816c137bd70e017ba7,2026-08-31 02:33:03.310999+00:00,2026-08-31T03:49:08.289779+00:00
lootcrate,https://lootcrate.com/products/loot-fright,product,76.3,16.1,lootcrate: alternating aeo_score rank,951b4a75-4c15-402b-99d8-c7c5f2d4a164,06ed5a73-7c9a-5fd5-a481-206ffa1c49db,6bcbd29a-1790-4a2d-bb6d-af9057f08234,be9d2adc-fef6-4a92-bd6d-c45391667373,web.accessibility_form_names,technical,content,high,defect,Form controls have a deterministic accessible name.,Associate each form control with a label or ARIA name.,,sh-analyzer-1,sh-rules-1,"{""control_count"": 7, ""missing_accessible_name"": 2}",1 unnamed of 3 HTTP-visible controls: input[2] id=- name=q,1 unnamed of 3 HTTP-visible controls: input[2] id=- name=q,verified,high,missing,retained_verified,bea7f0087db700472acabad308a3cd7221dee7d6509832816c137bd70e017ba7,2026-08-31 02:33:03.310999+00:00,2026-08-31T03:49:08.289779+00:00
lootcrate,https://lootcrate.com/products/loot-fright,product,76.3,16.1,lootcrate: alternating aeo_score rank,951b4a75-4c15-402b-99d8-c7c5f2d4a164,1f4dda0e-101c-555f-bb24-740493094899,37634b37-8ec6-4ca8-990c-b1a14bab1c06,3f0e1339-e4aa-49cd-b189-731df61305d5,web.accessibility_heading_order,technical,content,medium,defect,Heading levels form a coherent document outline.,Do not skip heading levels when structuring page sections.,,sh-analyzer-1,sh-rules-1,"{""heading_levels"": [3, 1, 3, 3, 5, 5, 5, 5, 3, 6, 6, 6, 6, 6, 5, 3], ""level_skips"": 3}","full-document heading levels [3, 1, 3, 3, 5, 5, 5, 5, 3, 6, 6, 6, 6, 6, 5, 3]; skipped transitions: H1 → H3, H3 → H5, H3 → H6","full-document heading levels [3, 1, 3, 3, 5, 5, 5, 5, 3, 6, 6, 6, 6, 6, 5, 3]; skipped transitions: H1 → H3, H3 → H5, H3 → H6",verified,high,,not_replayed,bea7f0087db700472acabad308a3cd7221dee7d6509832816c137bd70e017ba7,2026-08-31 02:33:03.310999+00:00,2026-08-31T03:49:08.289779+00:00
lootcrate,https://lootcrate.com/products/loot-fright,product,76.3,16.1,lootcrate: alternating aeo_score rank,951b4a75-4c15-402b-99d8-c7c5f2d4a164,8e682d08-2e3d-5f18-b826-dac61547b14b,0a7212fc-fe91-4724-a069-f926892883a6,b00a49e1-f9f1-4b81-b62b-772c71575830,web.accessibility_image_alt,technical,content,medium,defect,Informative images declare alternative text.,"Add alt text to informative images; use alt="""" for decoration.",,sh-analyzer-1,sh-rules-1,"{""decorative_alt"": 8, ""image_count"": 25, ""missing_alt"": 1}",1 images omit alt: img[25] src=,1 images omit alt: img[25] src=,verified,high,,not_replayed,bea7f0087db700472acabad308a3cd7221dee7d6509832816c137bd70e017ba7,2026-08-31 02:33:03.310999+00:00,2026-08-31T03:49:08.289779+00:00
lootcrate,https://lootcrate.com/pages/affiliates,other,72.5,,lootcrate: alternating web_score rank,951b4a75-4c15-402b-99d8-c7c5f2d4a164,06ed5a73-7c9a-5fd5-a481-206ffa1c49db,d91a4dda-a126-441c-9a30-ca4f91ce7c62,8acfb16e-a600-4e17-b9e2-6655b2972506,web.accessibility_form_names,technical,content,high,defect,Form controls have a deterministic accessible name.,Associate each form control with a label or ARIA name.,,sh-analyzer-1,sh-rules-1,"{""control_count"": 6, ""missing_accessible_name"": 2}",1 unnamed of 2 HTTP-visible controls: input[1] id=- name=q,1 unnamed of 2 HTTP-visible controls: input[1] id=- name=q,verified,high,missing,retained_verified,6dc1c836a47f963f65a178c6d2309f45b825779d9a141e2f7d638675c7505c80,2026-08-31 02:33:25.046505+00:00,2026-08-31T03:49:08.570928+00:00
lootcrate,https://lootcrate.com/pages/affiliates,other,72.5,,lootcrate: alternating web_score rank,951b4a75-4c15-402b-99d8-c7c5f2d4a164,1f4dda0e-101c-555f-bb24-740493094899,5fd047a3-803c-40e3-af74-5d3d3c66d807,15546b4e-7aa3-47f8-87f2-0740ff40bd1b,web.accessibility_heading_order,technical,content,medium,defect,Heading levels form a coherent document outline.,Do not skip heading levels when structuring page sections.,,sh-analyzer-1,sh-rules-1,"{""heading_levels"": [3, 6, 6, 6, 6, 6, 5, 3], ""level_skips"": 1}","full-document heading levels [3, 6, 6, 6, 6, 6, 5, 3]; skipped transitions: H3 → H6","full-document heading levels [3, 6, 6, 6, 6, 6, 5, 3]; skipped transitions: H3 → H6",verified,high,,not_replayed,6dc1c836a47f963f65a178c6d2309f45b825779d9a141e2f7d638675c7505c80,2026-08-31 02:33:25.046505+00:00,2026-08-31T03:49:08.570928+00:00
lootcrate,https://lootcrate.com/pages/affiliates,other,72.5,,lootcrate: alternating web_score rank,951b4a75-4c15-402b-99d8-c7c5f2d4a164,8e682d08-2e3d-5f18-b826-dac61547b14b,a974502d-d74e-4413-ac93-7fd2f21a71be,c5c2f15e-f04a-4353-9519-1a85953dbd96,web.accessibility_image_alt,technical,content,medium,defect,Informative images declare alternative text.,"Add alt text to informative images; use alt="""" for decoration.",,sh-analyzer-1,sh-rules-1,"{""decorative_alt"": 1, ""image_count"": 9, ""missing_alt"": 1}",1 images omit alt: img[9] src=,1 images omit alt: img[9] src=,verified,high,,not_replayed,6dc1c836a47f963f65a178c6d2309f45b825779d9a141e2f7d638675c7505c80,2026-08-31 02:33:25.046505+00:00,2026-08-31T03:49:08.570928+00:00
lootcrate,https://lootcrate.com/products/loot-tees,product,76.3,16.1,lootcrate: alternating aeo_score rank,951b4a75-4c15-402b-99d8-c7c5f2d4a164,06ea11cc-9b3c-5237-bc52-0e0d081137ac,5b7a4de0-7e93-456b-82ef-1c10b9d0bfe5,822f9c36-3039-4fa7-83a6-74966c03e1de,aeo.heading_hierarchy,aeo,content,medium,defect,Heading levels form a coherent page-kind-independent outline.,Use sequential heading levels to express content hierarchy.,,sh-analyzer-1,sh-rules-1,"{""levels"": [1, 3, 5, 5, 5, 3, 5, 5, 5, 5, 3], ""skips"": [{""from"": 1, ""to"": 3}, {""from"": 3, ""to"": 5}, {""from"": 3, ""to"": 5}]}","primary-content (main) heading levels [1, 3, 5, 5, 5, 3, 5, 5, 5, 5, 3]; skipped transitions: H1 → H3, H3 → H5, H3 → H5","primary-content (main) heading levels [1, 3, 5, 5, 5, 3, 5, 5, 5, 5, 3]; skipped transitions: H1 → H3, H3 → H5, H3 → H5",verified,high,missing,retained_verified,d1dcf5e089850351cf9992f5087aa32b3759c8d72306eb2e4a4e27535ce6b1b9,2026-08-31 02:33:03.905285+00:00,2026-08-31T03:49:08.829969+00:00
lootcrate,https://lootcrate.com/products/loot-tees,product,76.3,16.1,lootcrate: alternating aeo_score rank,951b4a75-4c15-402b-99d8-c7c5f2d4a164,cea9a66e-dff7-5ef8-aea4-172cc8e1b7c0,04f85302-fa45-4b44-ab81-371eb5487f87,72eea54c-30c3-4351-bcba-a1b8326b69b3,aeo.offer_freshness_signal,aeo,citability,medium,defect,"Product pages expose dated, currency-qualified Offer evidence.",Expose a currency and an updated timestamp with Offer data.,offer_state_missing,sh-analyzer-1,sh-rules-1,"{""currency"": [], ""offer"": false, ""reason"": ""offer_state_missing"", ""timestamp"": """", ""timestamp_source"": """"}",No date/time freshness signal found in HTTP time/meta/JSON-LD fields,No date/time freshness signal found in HTTP time/meta/JSON-LD fields,verified,high,,not_replayed,d1dcf5e089850351cf9992f5087aa32b3759c8d72306eb2e4a4e27535ce6b1b9,2026-08-31 02:33:03.905285+00:00,2026-08-31T03:49:08.829969+00:00
lootcrate,https://lootcrate.com/products/loot-tees,product,76.3,16.1,lootcrate: alternating aeo_score rank,951b4a75-4c15-402b-99d8-c7c5f2d4a164,74ef2fa1-7a40-5ef6-8ab6-2a68fb3bc67f,89c6859d-4894-47b1-ad5b-4bba612e72b6,a4683c2a-5ced-4ae4-8f93-e2a70f6c4751,aeo.product_answer_facts,aeo,content,medium,defect,"Product pages expose identity, offer, availability, and variants when applicable.",Expose the required product answer facts in visible content or structured data.,,sh-analyzer-1,sh-rules-1,"{""atoms"": [{""condition"": """", ""evidence"": true, ""name"": ""identity"", ""outcome"": ""satisfied"", ""required"": true}, {""condition"": """", ""evidence"": false, ""name"": ""offer"", ""outcome"": ""missing"", ""required"": true}, {""condition"": """", ""evidence"": [""Sold Out""], ""name"": ""availability"", ""outcome"": ""satisfied"", ""required"": true}, {""condition"": ""page_trait:has_variants"", ""evidence"": false, ""name"": ""variants"", ""outcome"": ""not_applicable"", ""required"": false}], ""threshold"": ""all_required_and_applicable""}","Product identity and availability are observable, but the HTTP DOM contains no visible primary price and the Product microdata has no Offer/price property; prices occur only inside executable scripts.","Product identity and availability are observable, but the HTTP DOM contains no visible primary price and the Product microdata has no Offer/price property; prices occur only inside executable scripts.",verified,high,missing,retained_verified,d1dcf5e089850351cf9992f5087aa32b3759c8d72306eb2e4a4e27535ce6b1b9,2026-08-31 02:33:03.905285+00:00,2026-08-31T03:49:08.829969+00:00
lootcrate,https://lootcrate.com/products/loot-tees,product,76.3,16.1,lootcrate: alternating aeo_score rank,951b4a75-4c15-402b-99d8-c7c5f2d4a164,8a28fcfb-6a5f-532e-8da3-02a22ca5bae0,99235936-ecd1-4509-838b-b08312144697,2f561edf-1c5f-49bf-a9aa-0184e1b501d0,aeo.product_brand_identity,aeo,citability,medium,defect,Product pages identify the brand or manufacturer.,Expose the product brand or manufacturer in Product markup.,,sh-analyzer-1,sh-rules-1,"{""brands"": []}",Product brand evidence present: ['microdata:itemprop=brand'],Product brand evidence present: ['microdata:itemprop=brand'],wrong,medium,satisfied,removed_wrong,d1dcf5e089850351cf9992f5087aa32b3759c8d72306eb2e4a4e27535ce6b1b9,2026-08-31 02:33:03.905285+00:00,2026-08-31T03:49:08.829969+00:00
lootcrate,https://lootcrate.com/products/loot-tees,product,76.3,16.1,lootcrate: alternating aeo_score rank,951b4a75-4c15-402b-99d8-c7c5f2d4a164,c82bb3bd-d8f1-5932-928d-6061357c66b1,45490cf6-6933-4020-8975-caa9f8869470,3f0fe26a-dd8c-4b7a-8798-73394c58e598,aeo.product_evidence_facts,aeo,citability,medium,defect,"Product pages expose a stable SKU, GTIN, or MPN signal.",Expose a stable product identifier visibly or in Product markup.,,sh-analyzer-1,sh-rules-1,"{""identifiers"": [], ""visible_identifier_marker"": false}",No Product identifier property or visible SKU/GTIN/MPN marker found,No Product identifier property or visible SKU/GTIN/MPN marker found,verified,medium,,not_replayed,d1dcf5e089850351cf9992f5087aa32b3759c8d72306eb2e4a4e27535ce6b1b9,2026-08-31 02:33:03.905285+00:00,2026-08-31T03:49:08.829969+00:00
lootcrate,https://lootcrate.com/products/loot-tees,product,76.3,16.1,lootcrate: alternating aeo_score rank,951b4a75-4c15-402b-99d8-c7c5f2d4a164,bc4a3bc0-8024-51ec-8af6-1779609dfe48,a83f4d45-3254-4402-9c54-0236137b5ed6,9671a9a5-9a71-4ce8-8dd6-e0f687de7f5e,aeo.schema_recommended_present,aeo,structured_data,low,advisory,Expected-type structured data carries the recommended properties for the page type.,Add the recommended properties to strengthen the schema markup.,,sh-analyzer-1,sh-rules-1,"{""checked_blocks"": 1, ""expected_types"": [""Product""], ""extraction"": ""microdata_shallow"", ""missing"": [""sku"", ""gtin"", ""brand"", ""offers.price"", ""offers.priceCurrency"", ""offers.availability"", ""hasVariant"", ""aggregateRating"", ""offers.shippingDetails"", ""offers.hasMerchantReturnPolicy""], ""page_kind"": ""product"", ""recommended"": [""sku"", ""gtin"", ""brand"", ""offers.price"", ""offers.priceCurrency"", ""offers.availability"", ""hasVariant"", ""aggregateRating"", ""offers.shippingDetails"", ""offers.hasMerchantReturnPolicy""], ""schema_type"": ""Product""}","expected ['Product']; missing ['sku', 'gtin', 'offers.price', 'offers.priceCurrency', 'aggregateRating'] in 1 matching schema block(s); raw types=['Product']","expected ['Product']; missing ['sku', 'gtin', 'offers.price', 'offers.priceCurrency', 'aggregateRating'] in 1 matching schema block(s); raw types=['Product']",verified,high,,not_replayed,d1dcf5e089850351cf9992f5087aa32b3759c8d72306eb2e4a4e27535ce6b1b9,2026-08-31 02:33:03.905285+00:00,2026-08-31T03:49:08.829969+00:00
lootcrate,https://lootcrate.com/products/loot-tees,product,76.3,16.1,lootcrate: alternating aeo_score rank,951b4a75-4c15-402b-99d8-c7c5f2d4a164,6745a53a-1f1f-5f75-af32-765a40e6384a,51e6c952-5b9c-4083-a77a-18c66774343a,b64ae60c-e347-496c-a590-fcb0fe42e7bd,aeo.schema_required_valid,aeo,structured_data,high,defect,Expected-type structured data carries every required property for the page type.,Add the missing required properties to the schema markup.,,sh-analyzer-1,sh-rules-1,"{""checked_blocks"": 1, ""expected_types"": [""Product""], ""extraction"": ""microdata_shallow"", ""missing"": [""name"", ""offers""], ""page_kind"": ""product"", ""required"": [""name"", ""offers""], ""schema_type"": ""Product""}",expected ['Product']; missing ['offers'] in 1 matching schema block(s); raw types=['Product'],expected ['Product']; missing ['offers'] in 1 matching schema block(s); raw types=['Product'],verified,high,,not_replayed,d1dcf5e089850351cf9992f5087aa32b3759c8d72306eb2e4a4e27535ce6b1b9,2026-08-31 02:33:03.905285+00:00,2026-08-31T03:49:08.829969+00:00
lootcrate,https://lootcrate.com/products/loot-tees,product,76.3,16.1,lootcrate: alternating aeo_score rank,951b4a75-4c15-402b-99d8-c7c5f2d4a164,06ed5a73-7c9a-5fd5-a481-206ffa1c49db,66cd4669-9960-457c-b1ba-2dd16321878f,2fb9109b-35aa-4006-a7c6-8eb7a8987577,web.accessibility_form_names,technical,content,high,defect,Form controls have a deterministic accessible name.,Associate each form control with a label or ARIA name.,,sh-analyzer-1,sh-rules-1,"{""control_count"": 7, ""missing_accessible_name"": 2}",1 unnamed of 3 HTTP-visible controls: input[2] id=- name=q,1 unnamed of 3 HTTP-visible controls: input[2] id=- name=q,verified,high,missing,retained_verified,d1dcf5e089850351cf9992f5087aa32b3759c8d72306eb2e4a4e27535ce6b1b9,2026-08-31 02:33:03.905285+00:00,2026-08-31T03:49:08.829969+00:00
lootcrate,https://lootcrate.com/products/loot-tees,product,76.3,16.1,lootcrate: alternating aeo_score rank,951b4a75-4c15-402b-99d8-c7c5f2d4a164,1f4dda0e-101c-555f-bb24-740493094899,78568b7a-e380-412c-9608-3215c5d3b98d,5f2ebe37-d886-4341-8e59-23713ad174d8,web.accessibility_heading_order,technical,content,medium,defect,Heading levels form a coherent document outline.,Do not skip heading levels when structuring page sections.,,sh-analyzer-1,sh-rules-1,"{""heading_levels"": [3, 1, 3, 5, 5, 5, 3, 5, 5, 5, 5, 3, 6, 6, 6, 6, 6, 5, 3], ""level_skips"": 4}","full-document heading levels [3, 1, 3, 5, 5, 5, 3, 5, 5, 5, 5, 3, 6, 6, 6, 6, 6, 5, 3]; skipped transitions: H1 → H3, H3 → H5, H3 → H5, H3 → H6","full-document heading levels [3, 1, 3, 5, 5, 5, 3, 5, 5, 5, 5, 3, 6, 6, 6, 6, 6, 5, 3]; skipped transitions: H1 → H3, H3 → H5, H3 → H5, H3 → H6",verified,high,,not_replayed,d1dcf5e089850351cf9992f5087aa32b3759c8d72306eb2e4a4e27535ce6b1b9,2026-08-31 02:33:03.905285+00:00,2026-08-31T03:49:08.829969+00:00
lootcrate,https://lootcrate.com/products/loot-tees,product,76.3,16.1,lootcrate: alternating aeo_score rank,951b4a75-4c15-402b-99d8-c7c5f2d4a164,8e682d08-2e3d-5f18-b826-dac61547b14b,1db6288a-2d5f-4d89-b175-26d454c68d1d,85919f50-0c35-4199-899c-1b417fd0a8e0,web.accessibility_image_alt,technical,content,medium,defect,Informative images declare alternative text.,"Add alt text to informative images; use alt="""" for decoration.",,sh-analyzer-1,sh-rules-1,"{""decorative_alt"": 7, ""image_count"": 24, ""missing_alt"": 1}",1 images omit alt: img[24] src=,1 images omit alt: img[24] src=,verified,high,,not_replayed,d1dcf5e089850351cf9992f5087aa32b3759c8d72306eb2e4a4e27535ce6b1b9,2026-08-31 02:33:03.905285+00:00,2026-08-31T03:49:08.829969+00:00
lootcrate,https://lootcrate.com/pages/community,other,72.5,,lootcrate: alternating web_score rank,951b4a75-4c15-402b-99d8-c7c5f2d4a164,06ed5a73-7c9a-5fd5-a481-206ffa1c49db,7abcb61c-959f-426e-9ae0-cea6da0047fe,1e7ddff5-eba1-403b-b483-90b3c3a215ac,web.accessibility_form_names,technical,content,high,defect,Form controls have a deterministic accessible name.,Associate each form control with a label or ARIA name.,,sh-analyzer-1,sh-rules-1,"{""control_count"": 6, ""missing_accessible_name"": 2}",1 unnamed of 2 HTTP-visible controls: input[1] id=- name=q,1 unnamed of 2 HTTP-visible controls: input[1] id=- name=q,verified,high,missing,retained_verified,ef758638c49d11cbd99dc53574a51d2ea8ed483765d47b6e5f0671e780477b36,2026-08-31 02:33:17.763253+00:00,2026-08-31T03:49:09.132578+00:00
lootcrate,https://lootcrate.com/pages/community,other,72.5,,lootcrate: alternating web_score rank,951b4a75-4c15-402b-99d8-c7c5f2d4a164,1f4dda0e-101c-555f-bb24-740493094899,97e3f290-4258-436b-929e-6826516a00c1,ac23b03f-694c-4275-aa8e-74e4d801d72e,web.accessibility_heading_order,technical,content,medium,defect,Heading levels form a coherent document outline.,Do not skip heading levels when structuring page sections.,,sh-analyzer-1,sh-rules-1,"{""heading_levels"": [3, 1, 6, 6, 6, 6, 6, 5, 3], ""level_skips"": 1}","full-document heading levels [3, 1, 6, 6, 6, 6, 6, 5, 3]; skipped transitions: H1 → H6","full-document heading levels [3, 1, 6, 6, 6, 6, 6, 5, 3]; skipped transitions: H1 → H6",verified,high,,not_replayed,ef758638c49d11cbd99dc53574a51d2ea8ed483765d47b6e5f0671e780477b36,2026-08-31 02:33:17.763253+00:00,2026-08-31T03:49:09.132578+00:00
lootcrate,https://lootcrate.com/pages/community,other,72.5,,lootcrate: alternating web_score rank,951b4a75-4c15-402b-99d8-c7c5f2d4a164,8e682d08-2e3d-5f18-b826-dac61547b14b,a7186e5f-29b8-464a-8a52-dff3b924d6de,d092e4de-7214-4e55-8ec3-2dacdc792c43,web.accessibility_image_alt,technical,content,medium,defect,Informative images declare alternative text.,"Add alt text to informative images; use alt="""" for decoration.",,sh-analyzer-1,sh-rules-1,"{""decorative_alt"": 5, ""image_count"": 13, ""missing_alt"": 1}",1 images omit alt: img[13] src=,1 images omit alt: img[13] src=,verified,high,,not_replayed,ef758638c49d11cbd99dc53574a51d2ea8ed483765d47b6e5f0671e780477b36,2026-08-31 02:33:17.763253+00:00,2026-08-31T03:49:09.132578+00:00
lootcrate,https://lootcrate.com/products/wizarding-world,product,76.3,16.1,lootcrate: alternating aeo_score rank,951b4a75-4c15-402b-99d8-c7c5f2d4a164,06ea11cc-9b3c-5237-bc52-0e0d081137ac,e2bec2b7-134b-4db3-bd54-a483d7d93afc,ab0ab55d-2e56-4db2-a15b-005d3f6e5967,aeo.heading_hierarchy,aeo,content,medium,defect,Heading levels form a coherent page-kind-independent outline.,Use sequential heading levels to express content hierarchy.,,sh-analyzer-1,sh-rules-1,"{""levels"": [1, 3, 3, 5, 5, 5, 3, 5, 5, 5, 5, 3], ""skips"": [{""from"": 1, ""to"": 3}, {""from"": 3, ""to"": 5}, {""from"": 3, ""to"": 5}]}","primary-content (main) heading levels [1, 3, 3, 5, 5, 5, 3, 5, 5, 5, 5, 3]; skipped transitions: H1 → H3, H3 → H5, H3 → H5","primary-content (main) heading levels [1, 3, 3, 5, 5, 5, 3, 5, 5, 5, 5, 3]; skipped transitions: H1 → H3, H3 → H5, H3 → H5",verified,high,missing,retained_verified,a9a5901708eebaf3df3e18a4111f9b5bcd7b1c4ec222969ecdc8f613b063ba6e,2026-08-31 02:33:03.913452+00:00,2026-08-31T03:49:09.409953+00:00
lootcrate,https://lootcrate.com/products/wizarding-world,product,76.3,16.1,lootcrate: alternating aeo_score rank,951b4a75-4c15-402b-99d8-c7c5f2d4a164,cea9a66e-dff7-5ef8-aea4-172cc8e1b7c0,6362fc85-ae63-4499-a0a7-22b03765d763,ac2a507e-ad0b-4f36-9a81-c2e66297fb92,aeo.offer_freshness_signal,aeo,citability,medium,defect,"Product pages expose dated, currency-qualified Offer evidence.",Expose a currency and an updated timestamp with Offer data.,offer_currency_missing,sh-analyzer-1,sh-rules-1,"{""currency"": [], ""offer"": true, ""reason"": ""offer_currency_missing"", ""timestamp"": """", ""timestamp_source"": """"}",No date/time freshness signal found in HTTP time/meta/JSON-LD fields,No date/time freshness signal found in HTTP time/meta/JSON-LD fields,verified,high,,not_replayed,a9a5901708eebaf3df3e18a4111f9b5bcd7b1c4ec222969ecdc8f613b063ba6e,2026-08-31 02:33:03.913452+00:00,2026-08-31T03:49:09.409953+00:00
lootcrate,https://lootcrate.com/products/wizarding-world,product,76.3,16.1,lootcrate: alternating aeo_score rank,951b4a75-4c15-402b-99d8-c7c5f2d4a164,74ef2fa1-7a40-5ef6-8ab6-2a68fb3bc67f,e50284b8-7e47-4805-894f-c9b55d4d0d8a,0be30465-1014-4a1b-a936-310cf56248c6,aeo.product_answer_facts,aeo,content,medium,defect,"Product pages expose identity, offer, availability, and variants when applicable.",Expose the required product answer facts in visible content or structured data.,,sh-analyzer-1,sh-rules-1,"{""atoms"": [{""condition"": """", ""evidence"": true, ""name"": ""identity"", ""outcome"": ""satisfied"", ""required"": true}, {""condition"": """", ""evidence"": true, ""name"": ""offer"", ""outcome"": ""satisfied"", ""required"": true}, {""condition"": """", ""evidence"": [], ""name"": ""availability"", ""outcome"": ""missing"", ""required"": true}, {""condition"": ""page_trait:has_variants"", ""evidence"": false, ""name"": ""variants"", ""outcome"": ""not_applicable"", ""required"": false}], ""threshold"": ""all_required_and_applicable""}","Missing product fact(s) in HTTP content: identity=True, offer=True, availability=False","Missing product fact(s) in HTTP content: identity=True, offer=True, availability=False",verified,medium,missing,retained_verified,a9a5901708eebaf3df3e18a4111f9b5bcd7b1c4ec222969ecdc8f613b063ba6e,2026-08-31 02:33:03.913452+00:00,2026-08-31T03:49:09.409953+00:00
lootcrate,https://lootcrate.com/products/wizarding-world,product,76.3,16.1,lootcrate: alternating aeo_score rank,951b4a75-4c15-402b-99d8-c7c5f2d4a164,8a28fcfb-6a5f-532e-8da3-02a22ca5bae0,42c02078-a007-49a9-841a-6979d3935ba0,dce7c993-b906-4de8-9f12-dec328403bf3,aeo.product_brand_identity,aeo,citability,medium,defect,Product pages identify the brand or manufacturer.,Expose the product brand or manufacturer in Product markup.,,sh-analyzer-1,sh-rules-1,"{""brands"": []}",Product brand evidence present: ['microdata:itemprop=brand'],Product brand evidence present: ['microdata:itemprop=brand'],wrong,medium,satisfied,removed_wrong,a9a5901708eebaf3df3e18a4111f9b5bcd7b1c4ec222969ecdc8f613b063ba6e,2026-08-31 02:33:03.913452+00:00,2026-08-31T03:49:09.409953+00:00
lootcrate,https://lootcrate.com/products/wizarding-world,product,76.3,16.1,lootcrate: alternating aeo_score rank,951b4a75-4c15-402b-99d8-c7c5f2d4a164,c82bb3bd-d8f1-5932-928d-6061357c66b1,5a2d19a6-f65e-46a4-a4cb-d60b7732340c,755b0e69-697f-4352-bd29-266be6e002ed,aeo.product_evidence_facts,aeo,citability,medium,defect,"Product pages expose a stable SKU, GTIN, or MPN signal.",Expose a stable product identifier visibly or in Product markup.,,sh-analyzer-1,sh-rules-1,"{""identifiers"": [], ""visible_identifier_marker"": false}",No Product identifier property or visible SKU/GTIN/MPN marker found,No Product identifier property or visible SKU/GTIN/MPN marker found,verified,medium,,not_replayed,a9a5901708eebaf3df3e18a4111f9b5bcd7b1c4ec222969ecdc8f613b063ba6e,2026-08-31 02:33:03.913452+00:00,2026-08-31T03:49:09.409953+00:00
lootcrate,https://lootcrate.com/products/wizarding-world,product,76.3,16.1,lootcrate: alternating aeo_score rank,951b4a75-4c15-402b-99d8-c7c5f2d4a164,bc4a3bc0-8024-51ec-8af6-1779609dfe48,c23d047b-721a-43de-8631-a9c25128e740,10c9bec5-1564-4c2f-8ae1-793e47a7d868,aeo.schema_recommended_present,aeo,structured_data,low,advisory,Expected-type structured data carries the recommended properties for the page type.,Add the recommended properties to strengthen the schema markup.,,sh-analyzer-1,sh-rules-1,"{""checked_blocks"": 1, ""expected_types"": [""Product""], ""extraction"": ""microdata_shallow"", ""missing"": [""sku"", ""gtin"", ""brand"", ""offers.price"", ""offers.priceCurrency"", ""offers.availability"", ""hasVariant"", ""aggregateRating"", ""offers.shippingDetails"", ""offers.hasMerchantReturnPolicy""], ""page_kind"": ""product"", ""recommended"": [""sku"", ""gtin"", ""brand"", ""offers.price"", ""offers.priceCurrency"", ""offers.availability"", ""hasVariant"", ""aggregateRating"", ""offers.shippingDetails"", ""offers.hasMerchantReturnPolicy""], ""schema_type"": ""Product""}","expected ['Product']; missing ['sku', 'gtin', 'offers.price', 'offers.priceCurrency', 'aggregateRating'] in 1 matching schema block(s); raw types=['Product']","expected ['Product']; missing ['sku', 'gtin', 'offers.price', 'offers.priceCurrency', 'aggregateRating'] in 1 matching schema block(s); raw types=['Product']",verified,high,,not_replayed,a9a5901708eebaf3df3e18a4111f9b5bcd7b1c4ec222969ecdc8f613b063ba6e,2026-08-31 02:33:03.913452+00:00,2026-08-31T03:49:09.409953+00:00
lootcrate,https://lootcrate.com/products/wizarding-world,product,76.3,16.1,lootcrate: alternating aeo_score rank,951b4a75-4c15-402b-99d8-c7c5f2d4a164,6745a53a-1f1f-5f75-af32-765a40e6384a,2c1351ed-2696-46a6-bb49-88b35afd5704,5e4e7239-07db-48a7-9d28-da63a3e60fe0,aeo.schema_required_valid,aeo,structured_data,high,defect,Expected-type structured data carries every required property for the page type.,Add the missing required properties to the schema markup.,,sh-analyzer-1,sh-rules-1,"{""checked_blocks"": 1, ""expected_types"": [""Product""], ""extraction"": ""microdata_shallow"", ""missing"": [""name"", ""offers""], ""page_kind"": ""product"", ""required"": [""name"", ""offers""], ""schema_type"": ""Product""}",expected ['Product']; missing ['offers'] in 1 matching schema block(s); raw types=['Product'],expected ['Product']; missing ['offers'] in 1 matching schema block(s); raw types=['Product'],verified,high,,not_replayed,a9a5901708eebaf3df3e18a4111f9b5bcd7b1c4ec222969ecdc8f613b063ba6e,2026-08-31 02:33:03.913452+00:00,2026-08-31T03:49:09.409953+00:00
lootcrate,https://lootcrate.com/products/wizarding-world,product,76.3,16.1,lootcrate: alternating aeo_score rank,951b4a75-4c15-402b-99d8-c7c5f2d4a164,06ed5a73-7c9a-5fd5-a481-206ffa1c49db,cbf64611-1bc5-4888-aaeb-e46eedbda411,5ca4936a-1c23-4d65-96ea-4771d7d76703,web.accessibility_form_names,technical,content,high,defect,Form controls have a deterministic accessible name.,Associate each form control with a label or ARIA name.,,sh-analyzer-1,sh-rules-1,"{""control_count"": 11, ""missing_accessible_name"": 4}",3 unnamed of 7 HTTP-visible controls: input[1] id=- name=purchase_type; input[3] id=- name=selling_plan; input[6] id=- name=q,3 unnamed of 7 HTTP-visible controls: input[1] id=- name=purchase_type; input[3] id=- name=selling_plan; input[6] id=- name=q,verified,high,missing,retained_verified,a9a5901708eebaf3df3e18a4111f9b5bcd7b1c4ec222969ecdc8f613b063ba6e,2026-08-31 02:33:03.913452+00:00,2026-08-31T03:49:09.409953+00:00
lootcrate,https://lootcrate.com/products/wizarding-world,product,76.3,16.1,lootcrate: alternating aeo_score rank,951b4a75-4c15-402b-99d8-c7c5f2d4a164,1f4dda0e-101c-555f-bb24-740493094899,91212c2e-b090-4ed3-9565-c322b941e1c6,ce288ae3-496d-45b4-99fd-5cd23b52a811,web.accessibility_heading_order,technical,content,medium,defect,Heading levels form a coherent document outline.,Do not skip heading levels when structuring page sections.,,sh-analyzer-1,sh-rules-1,"{""heading_levels"": [3, 1, 3, 3, 5, 5, 5, 3, 5, 5, 5, 5, 3, 6, 6, 6, 6, 6, 5, 3], ""level_skips"": 4}","full-document heading levels [3, 1, 3, 3, 5, 5, 5, 3, 5, 5, 5, 5, 3, 6, 6, 6, 6, 6, 5, 3]; skipped transitions: H1 → H3, H3 → H5, H3 → H5, H3 → H6","full-document heading levels [3, 1, 3, 3, 5, 5, 5, 3, 5, 5, 5, 5, 3, 6, 6, 6, 6, 6, 5, 3]; skipped transitions: H1 → H3, H3 → H5, H3 → H5, H3 → H6",verified,high,,not_replayed,a9a5901708eebaf3df3e18a4111f9b5bcd7b1c4ec222969ecdc8f613b063ba6e,2026-08-31 02:33:03.913452+00:00,2026-08-31T03:49:09.409953+00:00
lootcrate,https://lootcrate.com/products/wizarding-world,product,76.3,16.1,lootcrate: alternating aeo_score rank,951b4a75-4c15-402b-99d8-c7c5f2d4a164,8e682d08-2e3d-5f18-b826-dac61547b14b,73eae2e1-dbfa-43fb-b13c-4abcf4460ed0,2809567f-de69-47d6-9df8-41c2bbed1fbb,web.accessibility_image_alt,technical,content,medium,defect,Informative images declare alternative text.,"Add alt text to informative images; use alt="""" for decoration.",,sh-analyzer-1,sh-rules-1,"{""decorative_alt"": 8, ""image_count"": 30, ""missing_alt"": 2}",2 images omit alt: img[24] src=https://cdn.accentuate.io/5199506014348/12365741228172/WIZ-Evergreen-Theme-FG-3000x1625-v1703103265446.png?3000x1625 ; img[30] src=,2 images omit alt: img[24] src=https://cdn.accentuate.io/5199506014348/12365741228172/WIZ-Evergreen-Theme-FG-3000x1625-v1703103265446.png?3000x1625 ; img[30] src=,verified,high,,not_replayed,a9a5901708eebaf3df3e18a4111f9b5bcd7b1c4ec222969ecdc8f613b063ba6e,2026-08-31 02:33:03.913452+00:00,2026-08-31T03:49:09.409953+00:00
potgang,https://www.potgang.co.uk/products/box-a,product,69.5,69.2,potgang: alternating web_score rank,f20337a1-3b5d-42ea-a5e4-99c24aff186b,844b3eec-0705-55da-9a00-1dacd26aa609,d8561e0d-5535-4292-b6bc-6e3f9d1998b7,a50af7ee-7634-44a8-883c-98d037d1616d,aeo.heading_hierarchy,aeo,content,medium,defect,Heading levels form a coherent page-kind-independent outline.,Use sequential heading levels to express content hierarchy.,no_primary_headings,sh-analyzer-1,sh-rules-1,"{""levels"": [], ""reason"": ""no_primary_headings""}","Raw <main> contains H1 Pak Choi, Rocket, Thai Basil; primary-content headings are HTTP-visible, so no_primary_headings is not true.","Raw <main> contains H1 Pak Choi, Rocket, Thai Basil; primary-content headings are HTTP-visible, so no_primary_headings is not true.",wrong,high,satisfied,removed_wrong,f2cf59ea9ed8dfd78789fc0d74f62a5368be4559a33bb983579177c08640c7b7,2026-08-31 02:41:31.242981+00:00,2026-08-31T03:49:10.223721+00:00
potgang,https://www.potgang.co.uk/products/box-a,product,69.5,69.2,potgang: alternating web_score rank,f20337a1-3b5d-42ea-a5e4-99c24aff186b,8ed02dce-7f18-5a09-a41b-1401d873a399,840bf08e-aaee-4870-8af7-d958fd07c563,1754c808-42c6-416a-a616-823e9b9ab290,aeo.offer_freshness_signal,aeo,citability,medium,defect,"Product pages expose dated, currency-qualified Offer evidence.",Expose a currency and an updated timestamp with Offer data.,freshness_signal_missing,sh-analyzer-1,sh-rules-1,"{""currency"": [""GBP""], ""offer"": true, ""reason"": ""freshness_signal_missing"", ""timestamp"": """", ""timestamp_source"": """"}",Raw HTTP exposes a GBP Product Offer but no published/modified date or other dated freshness signal.,Raw HTTP exposes a GBP Product Offer but no published/modified date or other dated freshness signal.,verified,high,,not_replayed,f2cf59ea9ed8dfd78789fc0d74f62a5368be4559a33bb983579177c08640c7b7,2026-08-31 02:41:31.242981+00:00,2026-08-31T03:49:10.223721+00:00
potgang,https://www.potgang.co.uk/products/box-a,product,69.5,69.2,potgang: alternating web_score rank,f20337a1-3b5d-42ea-a5e4-99c24aff186b,538acfde-ef80-5ff3-86fc-4bf3456ed269,c600c5a4-fb7b-4b82-bdf1-261ff44527f5,ccdb4ad3-86a6-4a44-850b-1c94ed32c51a,aeo.schema_recommended_present,aeo,structured_data,low,advisory,Expected-type structured data carries the recommended properties for the page type.,Add the recommended properties to strengthen the schema markup.,,sh-analyzer-1,sh-rules-1,"{""checked_blocks"": 1, ""expected_types"": [""Product""], ""missing"": [""gtin"", ""hasVariant"", ""aggregateRating"", ""offers.shippingDetails"", ""offers.hasMerchantReturnPolicy""], ""page_kind"": ""product"", ""recommended"": [""sku"", ""gtin"", ""brand"", ""offers.price"", ""offers.priceCurrency"", ""offers.availability"", ""hasVariant"", ""aggregateRating"", ""offers.shippingDetails"", ""offers.hasMerchantReturnPolicy""], ""schema_type"": ""Product""}","Raw HTTP contains one Product JSON-LD block lacking gtin, hasVariant, aggregateRating, offers.shippingDetails, and offers.hasMerchantReturnPolicy.","Raw HTTP contains one Product JSON-LD block lacking gtin, hasVariant, aggregateRating, offers.shippingDetails, and offers.hasMerchantReturnPolicy.",verified,high,,not_replayed,f2cf59ea9ed8dfd78789fc0d74f62a5368be4559a33bb983579177c08640c7b7,2026-08-31 02:41:31.242981+00:00,2026-08-31T03:49:10.223721+00:00
potgang,https://www.potgang.co.uk/products/box-a,product,69.5,69.2,potgang: alternating web_score rank,f20337a1-3b5d-42ea-a5e4-99c24aff186b,ccca4151-f969-5192-8eb3-675413093d27,c900408f-e637-49c9-b199-8af4855a77a3,f18c2033-0efa-48f2-a7e3-3e2353b520fc,technical.indexable,technical,indexability,critical,defect,Page is not blocked from indexing by a robots meta noindex.,Remove the noindex directive if the page should be indexed.,,sh-analyzer-1,sh-rules-1,"{""canonical_matches_final_url"": true, ""canonical_url"": ""https://www.potgang.co.uk/products/box-a"", ""indexing_intent"": ""intended_index"", ""intent_source"": ""canonical_declaration"", ""nofollow"": true, ""noindex"": true}","Raw HTTP meta robots is noindex,nofollow, directly blocking indexing; the canonical does not override noindex.","Raw HTTP meta robots is noindex,nofollow, directly blocking indexing; the canonical does not override noindex.",verified,high,,not_replayed,f2cf59ea9ed8dfd78789fc0d74f62a5368be4559a33bb983579177c08640c7b7,2026-08-31 02:41:31.242981+00:00,2026-08-31T03:49:10.223721+00:00
potgang,https://www.potgang.co.uk/products/box-a,product,69.5,69.2,potgang: alternating web_score rank,f20337a1-3b5d-42ea-a5e4-99c24aff186b,eec0af57-0f74-56e3-b5b6-e9b437266eb5,29551932-e6ea-40ab-bf6a-0a29eabd82ab,e31e060f-bf4d-45ea-80c2-2f725d61e051,web.accessibility_form_names,technical,content,high,defect,Form controls have a deterministic accessible name.,Associate each form control with a label or ARIA name.,,sh-analyzer-1,sh-rules-1,"{""control_count"": 22, ""missing_accessible_name"": 6}","Raw HTTP exposes six participating unlabeled select controls (ProductSelect and five delivery selects) without an aria name, labelledby text, explicit label, or title.","Raw HTTP exposes six participating unlabeled select controls (ProductSelect and five delivery selects) without an aria name, labelledby text, explicit label, or title.",verified,high,missing,retained_verified,f2cf59ea9ed8dfd78789fc0d74f62a5368be4559a33bb983579177c08640c7b7,2026-08-31 02:41:31.242981+00:00,2026-08-31T03:49:10.223721+00:00
potgang,https://www.potgang.co.uk/products/box-a,product,69.5,69.2,potgang: alternating web_score rank,f20337a1-3b5d-42ea-a5e4-99c24aff186b,6b7f869b-935f-5c2b-82e5-81b48c3e7617,8e190482-a1a3-4e18-9fde-c70d3980d4a0,0476f2d7-2613-4351-a524-e526a500bcce,web.accessibility_heading_order,technical,content,medium,defect,Heading levels form a coherent document outline.,Do not skip heading levels when structuring page sections.,,sh-analyzer-1,sh-rules-1,"{""heading_levels"": [1, 3, 2, 2, 2, 3, 3, 2, 2, 2, 2, 2, 2, 2, 2, 3, 3, 2, 2, 2, 2, 3, 2, 2, 2, 2, 2, 3, 3, 3], ""level_skips"": 1}",Raw full document contains the reported H1 to H3 skipped heading transition.,Raw full document contains the reported H1 to H3 skipped heading transition.,verified,high,,not_replayed,f2cf59ea9ed8dfd78789fc0d74f62a5368be4559a33bb983579177c08640c7b7,2026-08-31 02:41:31.242981+00:00,2026-08-31T03:49:10.223721+00:00
potgang,https://www.potgang.co.uk/blogs/recipes,article,100.0,18.8,potgang: alternating aeo_score rank,f20337a1-3b5d-42ea-a5e4-99c24aff186b,88446a37-923c-5d50-9b8c-fc8b9bc54938,0283a5db-3b34-4bab-926e-e98d0d2e4227,4519153d-cdca-4622-8b3d-e51100d635e7,aeo.editorial_lead_present,aeo,content,low,advisory,Editorial content opens with a substantive lead paragraph.,Add a concise lead that establishes the page topic.,editorial_lead_missing,sh-analyzer-1,sh-rules-1,"{""lead_preview"": """", ""lead_word_count"": 0, ""minimum_words"": 10, ""reason"": ""editorial_lead_missing""}","This URL is a recipe archive with a primary-content linked-card collection, so the article-only editorial-lead rule is not applicable.","This URL is a recipe archive with a primary-content linked-card collection, so the article-only editorial-lead rule is not applicable.",wrong,high,not_applicable,removed_wrong,a34dbb57a68fff6da557c17fe2b4da1883fab04315115be702ce6b9db5fee906,2026-08-31 02:40:36.631395+00:00,2026-08-31T03:49:11.414423+00:00
potgang,https://www.potgang.co.uk/blogs/recipes,article,100.0,18.8,potgang: alternating aeo_score rank,f20337a1-3b5d-42ea-a5e4-99c24aff186b,844b3eec-0705-55da-9a00-1dacd26aa609,7d4be459-d5c2-4eb9-9d2b-33b12a822b17,96f3e584-d0a5-41c7-a1f8-84d9057fa7fb,aeo.heading_hierarchy,aeo,content,medium,defect,Heading levels form a coherent page-kind-independent outline.,Use sequential heading levels to express content hierarchy.,no_primary_headings,sh-analyzer-1,sh-rules-1,"{""levels"": [], ""reason"": ""no_primary_headings""}","Raw <main> contains H1 Recipes and visible recipe H2 headings; primary-content headings are HTTP-visible, so no_primary_headings is not true.","Raw <main> contains H1 Recipes and visible recipe H2 headings; primary-content headings are HTTP-visible, so no_primary_headings is not true.",wrong,high,satisfied,removed_wrong,a34dbb57a68fff6da557c17fe2b4da1883fab04315115be702ce6b9db5fee906,2026-08-31 02:40:36.631395+00:00,2026-08-31T03:49:11.414423+00:00
potgang,https://www.potgang.co.uk/blogs/recipes,article,100.0,18.8,potgang: alternating aeo_score rank,f20337a1-3b5d-42ea-a5e4-99c24aff186b,dd127ca9-fb42-50d5-b4f8-c0658456bf6e,d6378272-0de8-46d0-b426-a5e4d261f4b0,ad6dfbaf-1f02-45e1-96b9-6a5c4616c89e,aeo.schema_expected_for_type,aeo,structured_data,low,advisory,Structured data includes a schema.org type expected for the classified page type.,Add the expected schema.org type for this page type (PAGE_KIND_EXPECTED_SCHEMA).,expected_schema_absent,sh-analyzer-1,sh-rules-1,"{""candidate_count"": 0, ""expected_types"": [""Article"", ""BlogPosting"", ""NewsArticle""], ""found_types"": [], ""page_kind"": ""article"", ""primary_schema_type"": """", ""reason"": ""expected_schema_absent""}","Raw HTTP contains no JSON-LD or microdata block for the expected Article, BlogPosting, or NewsArticle types.","Raw HTTP contains no JSON-LD or microdata block for the expected Article, BlogPosting, or NewsArticle types.",verified,high,,not_replayed,a34dbb57a68fff6da557c17fe2b4da1883fab04315115be702ce6b9db5fee906,2026-08-31 02:40:36.631395+00:00,2026-08-31T03:49:11.414423+00:00
potgang,https://www.potgang.co.uk/blogs/recipes,article,100.0,18.8,potgang: alternating aeo_score rank,f20337a1-3b5d-42ea-a5e4-99c24aff186b,35f6afcd-2a13-55e0-a79f-c40cbb0fd14f,e6870021-326e-4b0a-9017-bbef564ccff4,2092b39f-c973-4def-bf8d-6926a675b906,aeo.visible_attribution,aeo,citability,medium,defect,Authored content exposes a visible creator name and linked profile.,Add a visible creator byline linked to a stable profile or biography.,visible_attribution_absent,sh-analyzer-1,sh-rules-1,"{""declared_name"": """", ""declared_source"": """", ""reason"": ""visible_attribution_absent"", ""visible_name"": """", ""visible_profile_url"": """"}","Raw HTTP visibly renders named authors in recipe cards, including span.author Saneesh Basi.","Raw HTTP visibly renders named authors in recipe cards, including span.author Saneesh Basi.",wrong,high,not_applicable,removed_wrong,a34dbb57a68fff6da557c17fe2b4da1883fab04315115be702ce6b9db5fee906,2026-08-31 02:40:36.631395+00:00,2026-08-31T03:49:11.414423+00:00
potgang,https://www.potgang.co.uk/pages/next-month,other,72.5,,potgang: alternating web_score rank,f20337a1-3b5d-42ea-a5e4-99c24aff186b,eec0af57-0f74-56e3-b5b6-e9b437266eb5,f1f76384-92db-4671-b227-91dafe0828e9,2e54b702-84e5-419b-a5c2-f6757ef70ee1,web.accessibility_form_names,technical,content,high,defect,Form controls have a deterministic accessible name.,Associate each form control with a label or ARIA name.,,sh-analyzer-1,sh-rules-1,"{""control_count"": 8, ""missing_accessible_name"": 1}","Raw HTTP exposes one participating unlabeled select without an aria name, labelledby text, explicit label, or title.","Raw HTTP exposes one participating unlabeled select without an aria name, labelledby text, explicit label, or title.",verified,high,missing,retained_verified,be049953b2f4f0ad3c109c8bc83603b881c16c56a40ad6b62f09b63fb98c6008,2026-08-31 02:40:52.622885+00:00,2026-08-31T03:49:12.175641+00:00
potgang,https://www.potgang.co.uk/pages/next-month,other,72.5,,potgang: alternating web_score rank,f20337a1-3b5d-42ea-a5e4-99c24aff186b,6b7f869b-935f-5c2b-82e5-81b48c3e7617,c6ddf1ed-1cfd-471b-b262-8f5f1685faf3,3d21855e-af8f-49d7-b7d4-f8e16186e700,web.accessibility_heading_order,technical,content,medium,defect,Heading levels form a coherent document outline.,Do not skip heading levels when structuring page sections.,,sh-analyzer-1,sh-rules-1,"{""heading_levels"": [1, 2, 2, 2, 3, 3, 3, 1, 1, 1, 1, 1, 1, 1, 1, 2, 2, 4, 4, 4, 1, 2, 2, 3, 3, 3, 3, 3, 3, 3], ""level_skips"": 1}",Raw full document contains the reported H2 to H4 skipped heading transition.,Raw full document contains the reported H2 to H4 skipped heading transition.,verified,high,,not_replayed,be049953b2f4f0ad3c109c8bc83603b881c16c56a40ad6b62f09b63fb98c6008,2026-08-31 02:40:52.622885+00:00,2026-08-31T03:49:12.175641+00:00
potgang,https://www.potgang.co.uk/pages/next-month,other,72.5,,potgang: alternating web_score rank,f20337a1-3b5d-42ea-a5e4-99c24aff186b,60905840-6f1b-519c-9e80-471ba43eff67,8c4f09fb-3830-49ea-beb9-39f7a345c6b4,29d6e942-867e-45d8-baad-ea53ec43994e,web.accessibility_image_alt,technical,content,medium,defect,Informative images declare alternative text.,"Add alt text to informative images; use alt="""" for decoration.",,sh-analyzer-1,sh-rules-1,"{""decorative_alt"": 167, ""image_count"": 221, ""missing_alt"": 22}",Raw HTTP contains 22 img elements without alt text.,Raw HTTP contains 22 img elements without alt text.,verified,high,,not_replayed,be049953b2f4f0ad3c109c8bc83603b881c16c56a40ad6b62f09b63fb98c6008,2026-08-31 02:40:52.622885+00:00,2026-08-31T03:49:12.175641+00:00
potgang,https://www.potgang.co.uk/,homepage,76.3,25.0,potgang: alternating aeo_score rank,f20337a1-3b5d-42ea-a5e4-99c24aff186b,f0d1bca9-2a44-512e-ac62-016ee11ab93d,033eb5c8-27fc-432b-9fa2-520cf8c0bbbd,a5bc2098-5523-4731-8ece-b56be660151f,aeo.entity_value_proposition,aeo,content,low,defect,Entity pages name the entity and state a substantive proposition.,Pair a clear H1 with a concise first explanatory paragraph.,,sh-analyzer-1,sh-rules-1,"{""atoms"": [{""condition"": """", ""evidence"": """", ""name"": ""entity_identity"", ""outcome"": ""missing"", ""required"": true}, {""condition"": ""page_trait:contact_intent"", ""evidence"": true, ""name"": ""contact_path"", ""outcome"": ""satisfied"", ""required"": true}, {""condition"": ""not_page_trait:contact_intent"", ""evidence"": {""word_count"": 0}, ""name"": ""value_proposition"", ""outcome"": ""not_applicable"", ""required"": true}], ""threshold"": ""all_required""}","Raw homepage visibly states Each Pot Gang box includes the seeds, compost, pots, labels and instructions you need to start growing at home under the H1, providing identity and value proposition.","Raw homepage visibly states Each Pot Gang box includes the seeds, compost, pots, labels and instructions you need to start growing at home under the H1, providing identity and value proposition.",wrong,high,satisfied,removed_wrong,dcff7e77347f07198da0a32039293b553a1ea002c5f697bf58dceaac2a035124,2026-08-31 02:39:50.338303+00:00,2026-08-31T03:49:12.993704+00:00
potgang,https://www.potgang.co.uk/,homepage,76.3,25.0,potgang: alternating aeo_score rank,f20337a1-3b5d-42ea-a5e4-99c24aff186b,844b3eec-0705-55da-9a00-1dacd26aa609,d7a816bb-b339-41e1-8525-8acaa169fe75,535b374d-c3ad-41fc-af9f-6fbe7aabe613,aeo.heading_hierarchy,aeo,content,medium,defect,Heading levels form a coherent page-kind-independent outline.,Use sequential heading levels to express content hierarchy.,no_primary_headings,sh-analyzer-1,sh-rules-1,"{""levels"": [], ""reason"": ""no_primary_headings""}","Primary-content heading levels include an H2 → H4 transition; although the stored no_primary_headings reason was stale, the same rule's structural defect is observable.","Primary-content heading levels include an H2 → H4 transition; although the stored no_primary_headings reason was stale, the same rule's structural defect is observable.",verified,high,missing,retained_verified,dcff7e77347f07198da0a32039293b553a1ea002c5f697bf58dceaac2a035124,2026-08-31 02:39:50.338303+00:00,2026-08-31T03:49:12.993704+00:00
potgang,https://www.potgang.co.uk/,homepage,76.3,25.0,potgang: alternating aeo_score rank,f20337a1-3b5d-42ea-a5e4-99c24aff186b,8512c1af-534f-5000-94c2-9baf0c93af1d,3893cd4a-f8ee-43b0-8ff6-cd08d91f954f,c9fe06a5-1ee4-4fa9-bf3e-3744561b93d9,aeo.organization_identity,aeo,citability,medium,defect,Organization markup identifies the site with a name and URL.,Add Organization name and URL on the site root.,,sh-analyzer-1,sh-rules-1,"{""complete_identity_count"": 0, ""has_organization"": false, ""identities"": []}",Raw homepage contains no Organization or WebSite JSON-LD/microdata identity with both a name and URL.,Raw homepage contains no Organization or WebSite JSON-LD/microdata identity with both a name and URL.,verified,high,,not_replayed,dcff7e77347f07198da0a32039293b553a1ea002c5f697bf58dceaac2a035124,2026-08-31 02:39:50.338303+00:00,2026-08-31T03:49:12.993704+00:00
potgang,https://www.potgang.co.uk/,homepage,76.3,25.0,potgang: alternating aeo_score rank,f20337a1-3b5d-42ea-a5e4-99c24aff186b,dd127ca9-fb42-50d5-b4f8-c0658456bf6e,082be018-4656-49c2-b68b-b23b854fa009,107fcadd-14b4-466a-b725-6c3250095611,aeo.schema_expected_for_type,aeo,structured_data,low,advisory,Structured data includes a schema.org type expected for the classified page type.,Add the expected schema.org type for this page type (PAGE_KIND_EXPECTED_SCHEMA).,expected_schema_absent,sh-analyzer-1,sh-rules-1,"{""candidate_count"": 0, ""expected_types"": [""Organization"", ""WebSite""], ""found_types"": [], ""page_kind"": ""homepage"", ""primary_schema_type"": """", ""reason"": ""expected_schema_absent""}",Raw HTTP contains no JSON-LD or microdata block for the expected Organization or WebSite types.,Raw HTTP contains no JSON-LD or microdata block for the expected Organization or WebSite types.,verified,high,,not_replayed,dcff7e77347f07198da0a32039293b553a1ea002c5f697bf58dceaac2a035124,2026-08-31 02:39:50.338303+00:00,2026-08-31T03:49:12.993704+00:00
potgang,https://www.potgang.co.uk/,homepage,76.3,25.0,potgang: alternating aeo_score rank,f20337a1-3b5d-42ea-a5e4-99c24aff186b,891b5d61-31a4-5569-981b-ce0f0fc4d97a,ead305bf-f0c7-4c12-baf9-add616239f9c,d0293786-775a-45cb-bc4d-f9c88ac3fe60,technical.broken_internal_link,technical,indexability,high,defect,Crawlable internal links resolve without an HTTP error.,Repair or remove internal links whose targets return errors.,,sh-analyzer-1,sh-rules-1,"{""checked_count"": 1506, ""failing_urls"": [""https://www.potgang.co.uk/pages/questions""], ""failure_count"": 1, ""normalized_coverage"": 0.753376688344172, ""normalized_score"": 0.99933598937583, ""resolution_source_ids"": [""004ab3bf-ffed-4e20-abf0-233aff54c328"", ""01e00ff8-4f2f-489d-893d-d35ee037613b"", ""0321c883-7a0c-46a0-86d0-c68aeb266baf"", ""0410c037-8eaa-447a-a31c-a3badf3331a5"", ""0433792d-4c35-48e2-8d8f-b46d1197965e"", ""054d46c1-7121-41d8-bce0-40a5e45c99e8"", ""0599e73f-c4c5-4225-b9f6-97f2761899b6"", ""061a787a-e1cf-4315-84d1-ae6256baf026"", ""0727c05d-7c9b-4a7f-9cf5-4ffadb9ce737"", ""07dc2145-f793-4a2d-b760-2126f85223e8""], ""total_count"": 1999}","The frozen homepage only proves an anchor to /pages/questions; target availability/status is not observable from this URL response, so a broken-link claim is wrong under the HTTP-only audit contract.","The frozen homepage only proves an anchor to /pages/questions; target availability/status is not observable from this URL response, so a broken-link claim is wrong under the HTTP-only audit contract.",wrong,high,,not_replayed,dcff7e77347f07198da0a32039293b553a1ea002c5f697bf58dceaac2a035124,2026-08-31 02:39:50.338303+00:00,2026-08-31T03:49:12.993704+00:00
potgang,https://www.potgang.co.uk/,homepage,76.3,25.0,potgang: alternating aeo_score rank,f20337a1-3b5d-42ea-a5e4-99c24aff186b,eec0af57-0f74-56e3-b5b6-e9b437266eb5,fc7499af-5774-47ee-9caf-f17b8da12776,ccf4b881-80d2-42c5-a825-6b5f10a4d5b0,web.accessibility_form_names,technical,content,high,defect,Form controls have a deterministic accessible name.,Associate each form control with a label or ARIA name.,,sh-analyzer-1,sh-rules-1,"{""control_count"": 8, ""missing_accessible_name"": 1}","Raw HTTP exposes one participating unlabeled select without an aria name, labelledby text, explicit label, or title.","Raw HTTP exposes one participating unlabeled select without an aria name, labelledby text, explicit label, or title.",verified,high,missing,retained_verified,dcff7e77347f07198da0a32039293b553a1ea002c5f697bf58dceaac2a035124,2026-08-31 02:39:50.338303+00:00,2026-08-31T03:49:12.993704+00:00
potgang,https://www.potgang.co.uk/,homepage,76.3,25.0,potgang: alternating aeo_score rank,f20337a1-3b5d-42ea-a5e4-99c24aff186b,6b7f869b-935f-5c2b-82e5-81b48c3e7617,e115be63-d191-48be-b4e6-9d470c4398b3,8da533e6-6f13-462b-810e-52985b84f704,web.accessibility_heading_order,technical,content,medium,defect,Heading levels form a coherent document outline.,Do not skip heading levels when structuring page sections.,,sh-analyzer-1,sh-rules-1,"{""heading_levels"": [1, 2, 2, 2, 3, 3, 3, 1, 1, 1, 1, 1, 1, 1, 1, 2, 2, 4, 4, 4, 1, 2, 2, 3, 3, 3, 3, 3, 3, 3], ""level_skips"": 1}",Raw full document contains the reported H2 to H4 skipped heading transition.,Raw full document contains the reported H2 to H4 skipped heading transition.,verified,high,,not_replayed,dcff7e77347f07198da0a32039293b553a1ea002c5f697bf58dceaac2a035124,2026-08-31 02:39:50.338303+00:00,2026-08-31T03:49:12.993704+00:00
potgang,https://www.potgang.co.uk/,homepage,76.3,25.0,potgang: alternating aeo_score rank,f20337a1-3b5d-42ea-a5e4-99c24aff186b,60905840-6f1b-519c-9e80-471ba43eff67,308f1cfa-04b8-4499-98ec-42e54585fa7e,ae75d36a-ee43-4c23-9123-dace24af23cb,web.accessibility_image_alt,technical,content,medium,defect,Informative images declare alternative text.,"Add alt text to informative images; use alt="""" for decoration.",,sh-analyzer-1,sh-rules-1,"{""decorative_alt"": 167, ""image_count"": 222, ""missing_alt"": 22}",Raw HTTP contains 22 img elements without alt text.,Raw HTTP contains 22 img elements without alt text.,verified,high,,not_replayed,dcff7e77347f07198da0a32039293b553a1ea002c5f697bf58dceaac2a035124,2026-08-31 02:39:50.338303+00:00,2026-08-31T03:49:12.993704+00:00
potgang,https://www.potgang.co.uk/pages/contact-us,about_contact,100.0,71.4,potgang: alternating web_score rank,f20337a1-3b5d-42ea-a5e4-99c24aff186b,dd127ca9-fb42-50d5-b4f8-c0658456bf6e,7b3fcf3d-719c-4810-9048-38500199318b,c6fe3514-237c-4e94-ab69-8484bdd858c9,aeo.schema_expected_for_type,aeo,structured_data,low,advisory,Structured data includes a schema.org type expected for the classified page type.,Add the expected schema.org type for this page type (PAGE_KIND_EXPECTED_SCHEMA).,expected_schema_absent,sh-analyzer-1,sh-rules-1,"{""candidate_count"": 0, ""expected_types"": [""Organization"", ""LocalBusiness"", ""ContactPage""], ""found_types"": [], ""page_kind"": ""about_contact"", ""primary_schema_type"": """", ""reason"": ""expected_schema_absent""}","Raw HTTP contains no JSON-LD or microdata block for the expected Organization, LocalBusiness, or ContactPage types.","Raw HTTP contains no JSON-LD or microdata block for the expected Organization, LocalBusiness, or ContactPage types.",verified,high,,not_replayed,ee75b66937b823afde771779c5775ab1bc4fafd9fc88719537400d97dd5c16ae,2026-08-31 02:39:52.975606+00:00,2026-08-31T03:49:13.820310+00:00
potgang,https://www.potgang.co.uk/collections/big,category,100.0,72.2,potgang: alternating aeo_score rank,f20337a1-3b5d-42ea-a5e4-99c24aff186b,acd1b6ba-6653-5a0a-8737-19e457f79edf,1221258d-868a-4dc5-8fd1-1d0424e92870,d92f7710-0777-4052-8b84-39948032e56f,aeo.assortment_freshness_signal,aeo,citability,medium,defect,Category pages expose an updated timestamp for the assortment.,Expose a publication or update timestamp for the assortment.,freshness_signal_missing,sh-analyzer-1,sh-rules-1,"{""reason"": ""freshness_signal_missing"", ""timestamp"": """", ""timestamp_source"": """"}",Raw category HTTP contains no published/modified date or other dated assortment signal.,Raw category HTTP contains no published/modified date or other dated assortment signal.,verified,high,,not_replayed,b48e8587b957829bd46ace95a6894db262720e38d8b40c7b7899c9214bbd0622,2026-08-31 02:40:54.106004+00:00,2026-08-31T03:49:14.772474+00:00
potgang,https://www.potgang.co.uk/collections/big,category,100.0,72.2,potgang: alternating aeo_score rank,f20337a1-3b5d-42ea-a5e4-99c24aff186b,dd127ca9-fb42-50d5-b4f8-c0658456bf6e,579f3781-64d7-4969-8078-e6a404b3b68b,37db64de-4b10-46d0-880f-2a477d1d7284,aeo.schema_expected_for_type,aeo,structured_data,low,advisory,Structured data includes a schema.org type expected for the classified page type.,Add the expected schema.org type for this page type (PAGE_KIND_EXPECTED_SCHEMA).,expected_schema_absent,sh-analyzer-1,sh-rules-1,"{""candidate_count"": 0, ""expected_types"": [""CollectionPage"", ""ItemList""], ""found_types"": [], ""page_kind"": ""category"", ""primary_schema_type"": """", ""reason"": ""expected_schema_absent""}",Raw HTTP contains no JSON-LD or microdata block for the expected CollectionPage or ItemList types.,Raw HTTP contains no JSON-LD or microdata block for the expected CollectionPage or ItemList types.,verified,high,,not_replayed,b48e8587b957829bd46ace95a6894db262720e38d8b40c7b7899c9214bbd0622,2026-08-31 02:40:54.106004+00:00,2026-08-31T03:49:14.772474+00:00
potgang,https://www.potgang.co.uk/blogs/recipes/cherry-tomato-risotto,article,86.4,18.8,potgang: alternating aeo_score rank,f20337a1-3b5d-42ea-a5e4-99c24aff186b,88446a37-923c-5d50-9b8c-fc8b9bc54938,f994d99d-9b20-4963-b620-8d30a6149a9f,cc517430-03f8-43f7-aa12-3c372dbb20ab,aeo.editorial_lead_present,aeo,content,low,advisory,Editorial content opens with a substantive lead paragraph.,Add a concise lead that establishes the page topic.,editorial_lead_missing,sh-analyzer-1,sh-rules-1,"{""lead_preview"": ""Pot Gang tomatoes x Parmesan.You just can't go wrong."", ""lead_word_count"": 9, ""minimum_words"": 10, ""reason"": ""editorial_lead_missing""}","Raw primary content lead is 9 words: Pot Gang tomatoes x Parmesan. You just can't go wrong., below the 10-word contract.","Raw primary content lead is 9 words: Pot Gang tomatoes x Parmesan. You just can't go wrong., below the 10-word contract.",verified,high,missing,retained_verified,0edaa74f58fcb61a6bda446b9ba46ee0832a63219ee21733ffa36e738ff8582f,2026-08-31 02:40:38.791941+00:00,2026-08-31T03:49:16.467076+00:00
potgang,https://www.potgang.co.uk/blogs/recipes/cherry-tomato-risotto,article,86.4,18.8,potgang: alternating aeo_score rank,f20337a1-3b5d-42ea-a5e4-99c24aff186b,844b3eec-0705-55da-9a00-1dacd26aa609,c977b62d-5c58-43f6-9d15-abc799bd4822,b6d4858b-eb20-409d-9009-68cf7a2de525,aeo.heading_hierarchy,aeo,content,medium,defect,Heading levels form a coherent page-kind-independent outline.,Use sequential heading levels to express content hierarchy.,,sh-analyzer-1,sh-rules-1,"{""levels"": [2, 4, 3, 3, 3, 3, 3, 3, 3], ""skips"": [{""from"": 2, ""to"": 4}]}",Raw article primary content contains the reported H2 to H4 transition.,Raw article primary content contains the reported H2 to H4 transition.,verified,high,missing,retained_verified,0edaa74f58fcb61a6bda446b9ba46ee0832a63219ee21733ffa36e738ff8582f,2026-08-31 02:40:38.791941+00:00,2026-08-31T03:49:16.467076+00:00
potgang,https://www.potgang.co.uk/blogs/recipes/cherry-tomato-risotto,article,86.4,18.8,potgang: alternating aeo_score rank,f20337a1-3b5d-42ea-a5e4-99c24aff186b,dd127ca9-fb42-50d5-b4f8-c0658456bf6e,c89f3e61-edfe-4ae2-ad00-6024e90750cf,e3604b68-fb26-4eaa-8ffe-90128ff610aa,aeo.schema_expected_for_type,aeo,structured_data,low,advisory,Structured data includes a schema.org type expected for the classified page type.,Add the expected schema.org type for this page type (PAGE_KIND_EXPECTED_SCHEMA).,expected_schema_absent,sh-analyzer-1,sh-rules-1,"{""candidate_count"": 0, ""expected_types"": [""Article"", ""BlogPosting"", ""NewsArticle""], ""found_types"": [], ""page_kind"": ""article"", ""primary_schema_type"": """", ""reason"": ""expected_schema_absent""}","Raw HTTP contains no JSON-LD or microdata block for the expected Article, BlogPosting, or NewsArticle types.","Raw HTTP contains no JSON-LD or microdata block for the expected Article, BlogPosting, or NewsArticle types.",verified,high,,not_replayed,0edaa74f58fcb61a6bda446b9ba46ee0832a63219ee21733ffa36e738ff8582f,2026-08-31 02:40:38.791941+00:00,2026-08-31T03:49:16.467076+00:00
potgang,https://www.potgang.co.uk/blogs/recipes/cherry-tomato-risotto,article,86.4,18.8,potgang: alternating aeo_score rank,f20337a1-3b5d-42ea-a5e4-99c24aff186b,35f6afcd-2a13-55e0-a79f-c40cbb0fd14f,31d94da0-588a-410a-a22b-606c14e11aa7,e2e0d257-9776-466e-949c-634386bbf9be,aeo.visible_attribution,aeo,citability,medium,defect,Authored content exposes a visible creator name and linked profile.,Add a visible creator byline linked to a stable profile or biography.,visible_attribution_absent,sh-analyzer-1,sh-rules-1,"{""declared_name"": """", ""declared_source"": """", ""reason"": ""visible_attribution_absent"", ""visible_name"": """", ""visible_profile_url"": """"}",Raw HTTP visibly renders Cherry Tomato Risotto By Mob Kitchen in the article heading; the named creator is present even without an author profile link.,Raw HTTP visibly renders Cherry Tomato Risotto By Mob Kitchen in the article heading; the named creator is present even without an author profile link.,wrong,high,satisfied,removed_wrong,0edaa74f58fcb61a6bda446b9ba46ee0832a63219ee21733ffa36e738ff8582f,2026-08-31 02:40:38.791941+00:00,2026-08-31T03:49:16.467076+00:00
potgang,https://www.potgang.co.uk/blogs/recipes/cherry-tomato-risotto,article,86.4,18.8,potgang: alternating aeo_score rank,f20337a1-3b5d-42ea-a5e4-99c24aff186b,6b7f869b-935f-5c2b-82e5-81b48c3e7617,97164944-111a-42ee-a27e-ba6f67ff0f9d,4fd1498d-e88e-4d0c-864a-79ac3fd018cb,web.accessibility_heading_order,technical,content,medium,defect,Heading levels form a coherent document outline.,Do not skip heading levels when structuring page sections.,,sh-analyzer-1,sh-rules-1,"{""heading_levels"": [2, 4, 3, 3, 3, 3, 3, 3, 3, 3, 3, 3, 3, 3, 3, 3, 3, 3, 3, 3, 3, 3, 3, 3, 3, 3, 3, 3, 3, 3], ""level_skips"": 1}",Raw full document contains the reported H2 to H4 skipped heading transition.,Raw full document contains the reported H2 to H4 skipped heading transition.,verified,high,,not_replayed,0edaa74f58fcb61a6bda446b9ba46ee0832a63219ee21733ffa36e738ff8582f,2026-08-31 02:40:38.791941+00:00,2026-08-31T03:49:16.467076+00:00
potgang,https://www.potgang.co.uk/blogs/recipes/cherry-tomato-risotto,article,86.4,18.8,potgang: alternating aeo_score rank,f20337a1-3b5d-42ea-a5e4-99c24aff186b,60905840-6f1b-519c-9e80-471ba43eff67,38af3041-47c2-4c89-9d36-a1271d1db314,08d1e175-035b-4954-a0da-f1f14e3f0515,web.accessibility_image_alt,technical,content,medium,defect,Informative images declare alternative text.,"Add alt text to informative images; use alt="""" for decoration.",,sh-analyzer-1,sh-rules-1,"{""decorative_alt"": 4, ""image_count"": 47, ""missing_alt"": 42}",Raw HTTP contains 42 img elements without alt text.,Raw HTTP contains 42 img elements without alt text.,verified,high,,not_replayed,0edaa74f58fcb61a6bda446b9ba46ee0832a63219ee21733ffa36e738ff8582f,2026-08-31 02:40:38.791941+00:00,2026-08-31T03:49:16.467076+00:00
potgang,https://www.potgang.co.uk/products/box-b,product,69.5,69.2,potgang: alternating web_score rank,f20337a1-3b5d-42ea-a5e4-99c24aff186b,844b3eec-0705-55da-9a00-1dacd26aa609,48110c2f-220d-44f1-97cb-165db4deb9a2,6dbdcbde-c323-427c-b3d8-235e88e59ad3,aeo.heading_hierarchy,aeo,content,medium,defect,Heading levels form a coherent page-kind-independent outline.,Use sequential heading levels to express content hierarchy.,no_primary_headings,sh-analyzer-1,sh-rules-1,"{""levels"": [], ""reason"": ""no_primary_headings""}","Raw <main> contains H1 Pak Choi, Rocket, Thai Basil; primary-content headings are HTTP-visible, so no_primary_headings is not true.","Raw <main> contains H1 Pak Choi, Rocket, Thai Basil; primary-content headings are HTTP-visible, so no_primary_headings is not true.",wrong,high,satisfied,removed_wrong,61701af39b3c839f4fe93a80cec2a55d1274e69bc79e326f8ba32c89cc9beb52,2026-08-31 02:41:35.193722+00:00,2026-08-31T03:49:17.255939+00:00
potgang,https://www.potgang.co.uk/products/box-b,product,69.5,69.2,potgang: alternating web_score rank,f20337a1-3b5d-42ea-a5e4-99c24aff186b,8ed02dce-7f18-5a09-a41b-1401d873a399,d86c5397-8db7-4226-8849-66d5238cedd0,a5e8b6ea-89ab-4567-900c-d72b9e59ccd2,aeo.offer_freshness_signal,aeo,citability,medium,defect,"Product pages expose dated, currency-qualified Offer evidence.",Expose a currency and an updated timestamp with Offer data.,freshness_signal_missing,sh-analyzer-1,sh-rules-1,"{""currency"": [""GBP""], ""offer"": true, ""reason"": ""freshness_signal_missing"", ""timestamp"": """", ""timestamp_source"": """"}",Raw HTTP exposes a GBP Product Offer but no published/modified date or other dated freshness signal.,Raw HTTP exposes a GBP Product Offer but no published/modified date or other dated freshness signal.,verified,high,,not_replayed,61701af39b3c839f4fe93a80cec2a55d1274e69bc79e326f8ba32c89cc9beb52,2026-08-31 02:41:35.193722+00:00,2026-08-31T03:49:17.255939+00:00
potgang,https://www.potgang.co.uk/products/box-b,product,69.5,69.2,potgang: alternating web_score rank,f20337a1-3b5d-42ea-a5e4-99c24aff186b,538acfde-ef80-5ff3-86fc-4bf3456ed269,eb522c6a-5ab0-47b8-b899-f1163e4b2eed,37b09c57-f826-40d6-bfff-2a497326a0a9,aeo.schema_recommended_present,aeo,structured_data,low,advisory,Expected-type structured data carries the recommended properties for the page type.,Add the recommended properties to strengthen the schema markup.,,sh-analyzer-1,sh-rules-1,"{""checked_blocks"": 1, ""expected_types"": [""Product""], ""missing"": [""gtin"", ""hasVariant"", ""aggregateRating"", ""offers.shippingDetails"", ""offers.hasMerchantReturnPolicy""], ""page_kind"": ""product"", ""recommended"": [""sku"", ""gtin"", ""brand"", ""offers.price"", ""offers.priceCurrency"", ""offers.availability"", ""hasVariant"", ""aggregateRating"", ""offers.shippingDetails"", ""offers.hasMerchantReturnPolicy""], ""schema_type"": ""Product""}","Raw HTTP contains one Product JSON-LD block lacking gtin, hasVariant, aggregateRating, offers.shippingDetails, and offers.hasMerchantReturnPolicy.","Raw HTTP contains one Product JSON-LD block lacking gtin, hasVariant, aggregateRating, offers.shippingDetails, and offers.hasMerchantReturnPolicy.",verified,high,,not_replayed,61701af39b3c839f4fe93a80cec2a55d1274e69bc79e326f8ba32c89cc9beb52,2026-08-31 02:41:35.193722+00:00,2026-08-31T03:49:17.255939+00:00
potgang,https://www.potgang.co.uk/products/box-b,product,69.5,69.2,potgang: alternating web_score rank,f20337a1-3b5d-42ea-a5e4-99c24aff186b,ccca4151-f969-5192-8eb3-675413093d27,b8f0cab1-f11f-4cfe-96bb-84a799b703e2,17109c91-ba52-416e-a647-6555a75a3fa5,technical.indexable,technical,indexability,critical,defect,Page is not blocked from indexing by a robots meta noindex.,Remove the noindex directive if the page should be indexed.,,sh-analyzer-1,sh-rules-1,"{""canonical_matches_final_url"": true, ""canonical_url"": ""https://www.potgang.co.uk/products/box-b"", ""indexing_intent"": ""intended_index"", ""intent_source"": ""canonical_declaration"", ""nofollow"": true, ""noindex"": true}","Raw HTTP meta robots is noindex,nofollow, directly blocking indexing; the canonical does not override noindex.","Raw HTTP meta robots is noindex,nofollow, directly blocking indexing; the canonical does not override noindex.",verified,high,,not_replayed,61701af39b3c839f4fe93a80cec2a55d1274e69bc79e326f8ba32c89cc9beb52,2026-08-31 02:41:35.193722+00:00,2026-08-31T03:49:17.255939+00:00
potgang,https://www.potgang.co.uk/products/box-b,product,69.5,69.2,potgang: alternating web_score rank,f20337a1-3b5d-42ea-a5e4-99c24aff186b,eec0af57-0f74-56e3-b5b6-e9b437266eb5,cde92462-0723-4526-89d2-4a71ffc0e0e4,4ca18134-e8bb-4719-8633-90d913899dba,web.accessibility_form_names,technical,content,high,defect,Form controls have a deterministic accessible name.,Associate each form control with a label or ARIA name.,,sh-analyzer-1,sh-rules-1,"{""control_count"": 22, ""missing_accessible_name"": 6}","Raw HTTP exposes six participating unlabeled select controls (ProductSelect and five delivery selects) without an aria name, labelledby text, explicit label, or title.","Raw HTTP exposes six participating unlabeled select controls (ProductSelect and five delivery selects) without an aria name, labelledby text, explicit label, or title.",verified,high,missing,retained_verified,61701af39b3c839f4fe93a80cec2a55d1274e69bc79e326f8ba32c89cc9beb52,2026-08-31 02:41:35.193722+00:00,2026-08-31T03:49:17.255939+00:00
potgang,https://www.potgang.co.uk/products/box-b,product,69.5,69.2,potgang: alternating web_score rank,f20337a1-3b5d-42ea-a5e4-99c24aff186b,6b7f869b-935f-5c2b-82e5-81b48c3e7617,aed6e6f9-233e-43e0-97b6-0efe1e620146,9e8a6f45-35d5-41e1-ad0e-f5eacf1a903f,web.accessibility_heading_order,technical,content,medium,defect,Heading levels form a coherent document outline.,Do not skip heading levels when structuring page sections.,,sh-analyzer-1,sh-rules-1,"{""heading_levels"": [1, 3, 2, 2, 2, 3, 3, 2, 2, 2, 2, 2, 2, 2, 2, 3, 3, 2, 2, 2, 2, 3, 2, 2, 2, 2, 2, 3, 3, 3], ""level_skips"": 1}",Raw full document contains the reported H1 to H3 skipped heading transition.,Raw full document contains the reported H1 to H3 skipped heading transition.,verified,high,,not_replayed,61701af39b3c839f4fe93a80cec2a55d1274e69bc79e326f8ba32c89cc9beb52,2026-08-31 02:41:35.193722+00:00,2026-08-31T03:49:17.255939+00:00
potgang,https://www.potgang.co.uk/blogs/recipes/gang-gang-mojito,article,86.4,18.8,potgang: alternating aeo_score rank,f20337a1-3b5d-42ea-a5e4-99c24aff186b,88446a37-923c-5d50-9b8c-fc8b9bc54938,7a5cfc74-ccff-4230-83e5-fb1fc0762f58,17668ca1-1bc1-4151-8102-f2b80dd42cac,aeo.editorial_lead_present,aeo,content,low,advisory,Editorial content opens with a substantive lead paragraph.,Add a concise lead that establishes the page topic.,editorial_lead_missing,sh-analyzer-1,sh-rules-1,"{""lead_preview"": ""There's levels to this cocktail game. Bad boy."", ""lead_word_count"": 8, ""minimum_words"": 10, ""reason"": ""editorial_lead_missing""}","Raw primary content lead is 8 words: There's levels to this cocktail game. Bad boy., below the 10-word contract.","Raw primary content lead is 8 words: There's levels to this cocktail game. Bad boy., below the 10-word contract.",verified,high,missing,retained_verified,a58570ba34148aae467f642823b132502066c7f8c1757c3983eef783cbe1e1df,2026-08-31 02:40:40.657740+00:00,2026-08-31T03:49:19.148398+00:00
potgang,https://www.potgang.co.uk/blogs/recipes/gang-gang-mojito,article,86.4,18.8,potgang: alternating aeo_score rank,f20337a1-3b5d-42ea-a5e4-99c24aff186b,844b3eec-0705-55da-9a00-1dacd26aa609,b83abe63-4c7e-4909-95c2-0abc88dd37bf,b5007dd1-72e5-4fa7-b14f-07e528120dfa,aeo.heading_hierarchy,aeo,content,medium,defect,Heading levels form a coherent page-kind-independent outline.,Use sequential heading levels to express content hierarchy.,,sh-analyzer-1,sh-rules-1,"{""levels"": [2, 4, 3, 3, 3, 3], ""skips"": [{""from"": 2, ""to"": 4}]}",Raw article primary content contains the reported H2 to H4 transition.,Raw article primary content contains the reported H2 to H4 transition.,verified,high,missing,retained_verified,a58570ba34148aae467f642823b132502066c7f8c1757c3983eef783cbe1e1df,2026-08-31 02:40:40.657740+00:00,2026-08-31T03:49:19.148398+00:00
potgang,https://www.potgang.co.uk/blogs/recipes/gang-gang-mojito,article,86.4,18.8,potgang: alternating aeo_score rank,f20337a1-3b5d-42ea-a5e4-99c24aff186b,dd127ca9-fb42-50d5-b4f8-c0658456bf6e,712c89a1-0364-4fad-9244-80a2fa15929a,5cb5645d-82ca-4701-94fe-b6e5ee9f2e01,aeo.schema_expected_for_type,aeo,structured_data,low,advisory,Structured data includes a schema.org type expected for the classified page type.,Add the expected schema.org type for this page type (PAGE_KIND_EXPECTED_SCHEMA).,expected_schema_absent,sh-analyzer-1,sh-rules-1,"{""candidate_count"": 0, ""expected_types"": [""Article"", ""BlogPosting"", ""NewsArticle""], ""found_types"": [], ""page_kind"": ""article"", ""primary_schema_type"": """", ""reason"": ""expected_schema_absent""}","Raw HTTP contains no JSON-LD or microdata block for the expected Article, BlogPosting, or NewsArticle types.","Raw HTTP contains no JSON-LD or microdata block for the expected Article, BlogPosting, or NewsArticle types.",verified,high,,not_replayed,a58570ba34148aae467f642823b132502066c7f8c1757c3983eef783cbe1e1df,2026-08-31 02:40:40.657740+00:00,2026-08-31T03:49:19.148398+00:00
potgang,https://www.potgang.co.uk/blogs/recipes/gang-gang-mojito,article,86.4,18.8,potgang: alternating aeo_score rank,f20337a1-3b5d-42ea-a5e4-99c24aff186b,35f6afcd-2a13-55e0-a79f-c40cbb0fd14f,bcea74b8-75a4-45a8-8465-4e871afa0c3a,4863b7fa-edca-48b6-85f1-c3534fcf3963,aeo.visible_attribution,aeo,citability,medium,defect,Authored content exposes a visible creator name and linked profile.,Add a visible creator byline linked to a stable profile or biography.,visible_attribution_absent,sh-analyzer-1,sh-rules-1,"{""declared_name"": """", ""declared_source"": """", ""reason"": ""visible_attribution_absent"", ""visible_name"": """", ""visible_profile_url"": """"}",Raw article content contains no named creator or visible byline.,Raw article content contains no named creator or visible byline.,verified,high,missing,retained_verified,a58570ba34148aae467f642823b132502066c7f8c1757c3983eef783cbe1e1df,2026-08-31 02:40:40.657740+00:00,2026-08-31T03:49:19.148398+00:00
potgang,https://www.potgang.co.uk/blogs/recipes/gang-gang-mojito,article,86.4,18.8,potgang: alternating aeo_score rank,f20337a1-3b5d-42ea-a5e4-99c24aff186b,6b7f869b-935f-5c2b-82e5-81b48c3e7617,5a757168-bcf1-4f04-83b0-2335b06ee250,4f133e9d-0e39-47aa-a13c-a9f1ec1bbbc5,web.accessibility_heading_order,technical,content,medium,defect,Heading levels form a coherent document outline.,Do not skip heading levels when structuring page sections.,,sh-analyzer-1,sh-rules-1,"{""heading_levels"": [2, 4, 3, 3, 3, 3, 3, 3, 3, 3, 3, 3, 3, 3, 3, 3, 3, 3, 3, 3, 3, 3, 3, 3, 3, 3, 3, 3, 3, 3], ""level_skips"": 1}",Raw full document contains the reported H2 to H4 skipped heading transition.,Raw full document contains the reported H2 to H4 skipped heading transition.,verified,high,,not_replayed,a58570ba34148aae467f642823b132502066c7f8c1757c3983eef783cbe1e1df,2026-08-31 02:40:40.657740+00:00,2026-08-31T03:49:19.148398+00:00
potgang,https://www.potgang.co.uk/blogs/recipes/gang-gang-mojito,article,86.4,18.8,potgang: alternating aeo_score rank,f20337a1-3b5d-42ea-a5e4-99c24aff186b,60905840-6f1b-519c-9e80-471ba43eff67,0489b75d-08fd-4ef0-9351-121710fe8c02,6ec9da90-df29-4272-908e-95ea637bc404,web.accessibility_image_alt,technical,content,medium,defect,Informative images declare alternative text.,"Add alt text to informative images; use alt="""" for decoration.",,sh-analyzer-1,sh-rules-1,"{""decorative_alt"": 4, ""image_count"": 46, ""missing_alt"": 41}",Raw HTTP contains 41 img elements without alt text.,Raw HTTP contains 41 img elements without alt text.,verified,high,,not_replayed,a58570ba34148aae467f642823b132502066c7f8c1757c3983eef783cbe1e1df,2026-08-31 02:40:40.657740+00:00,2026-08-31T03:49:19.148398+00:00
potgang,https://www.potgang.co.uk/products/box-c,product,69.5,69.2,potgang: alternating web_score rank,f20337a1-3b5d-42ea-a5e4-99c24aff186b,844b3eec-0705-55da-9a00-1dacd26aa609,f8427503-35c7-4332-b810-182fa3bd617e,d524d976-f94d-450a-bb51-98276c32224e,aeo.heading_hierarchy,aeo,content,medium,defect,Heading levels form a coherent page-kind-independent outline.,Use sequential heading levels to express content hierarchy.,no_primary_headings,sh-analyzer-1,sh-rules-1,"{""levels"": [], ""reason"": ""no_primary_headings""}","Raw <main> contains H1 Spinach, Sunburst Squash (Patty Pans), Oregano; primary-content headings are HTTP-visible, so no_primary_headings is not true.","Raw <main> contains H1 Spinach, Sunburst Squash (Patty Pans), Oregano; primary-content headings are HTTP-visible, so no_primary_headings is not true.",wrong,high,satisfied,removed_wrong,a1e9761472dcc7d6f567fad1b4d6b96a80c7be3d51a1d101a63205abd0bf6865,2026-08-31 02:41:35.205497+00:00,2026-08-31T03:49:20.677926+00:00
potgang,https://www.potgang.co.uk/products/box-c,product,69.5,69.2,potgang: alternating web_score rank,f20337a1-3b5d-42ea-a5e4-99c24aff186b,8ed02dce-7f18-5a09-a41b-1401d873a399,8042e811-8bf5-4d7e-9024-8cfe3e02a7ba,fc1e665d-df85-49b1-bad7-72a0cc744d0d,aeo.offer_freshness_signal,aeo,citability,medium,defect,"Product pages expose dated, currency-qualified Offer evidence.",Expose a currency and an updated timestamp with Offer data.,freshness_signal_missing,sh-analyzer-1,sh-rules-1,"{""currency"": [""GBP""], ""offer"": true, ""reason"": ""freshness_signal_missing"", ""timestamp"": """", ""timestamp_source"": """"}",Raw HTTP exposes a GBP Product Offer but no published/modified date or other dated freshness signal.,Raw HTTP exposes a GBP Product Offer but no published/modified date or other dated freshness signal.,verified,high,,not_replayed,a1e9761472dcc7d6f567fad1b4d6b96a80c7be3d51a1d101a63205abd0bf6865,2026-08-31 02:41:35.205497+00:00,2026-08-31T03:49:20.677926+00:00
potgang,https://www.potgang.co.uk/products/box-c,product,69.5,69.2,potgang: alternating web_score rank,f20337a1-3b5d-42ea-a5e4-99c24aff186b,538acfde-ef80-5ff3-86fc-4bf3456ed269,48d30c05-2477-43f8-9a18-94dc37ae2ae4,226345b4-303e-4430-b903-95ccf6231c7f,aeo.schema_recommended_present,aeo,structured_data,low,advisory,Expected-type structured data carries the recommended properties for the page type.,Add the recommended properties to strengthen the schema markup.,,sh-analyzer-1,sh-rules-1,"{""checked_blocks"": 1, ""expected_types"": [""Product""], ""missing"": [""gtin"", ""hasVariant"", ""aggregateRating"", ""offers.shippingDetails"", ""offers.hasMerchantReturnPolicy""], ""page_kind"": ""product"", ""recommended"": [""sku"", ""gtin"", ""brand"", ""offers.price"", ""offers.priceCurrency"", ""offers.availability"", ""hasVariant"", ""aggregateRating"", ""offers.shippingDetails"", ""offers.hasMerchantReturnPolicy""], ""schema_type"": ""Product""}","Raw HTTP contains one Product JSON-LD block lacking gtin, hasVariant, aggregateRating, offers.shippingDetails, and offers.hasMerchantReturnPolicy.","Raw HTTP contains one Product JSON-LD block lacking gtin, hasVariant, aggregateRating, offers.shippingDetails, and offers.hasMerchantReturnPolicy.",verified,high,,not_replayed,a1e9761472dcc7d6f567fad1b4d6b96a80c7be3d51a1d101a63205abd0bf6865,2026-08-31 02:41:35.205497+00:00,2026-08-31T03:49:20.677926+00:00
potgang,https://www.potgang.co.uk/products/box-c,product,69.5,69.2,potgang: alternating web_score rank,f20337a1-3b5d-42ea-a5e4-99c24aff186b,ccca4151-f969-5192-8eb3-675413093d27,34a3b0db-3435-473e-87fc-822f6627aade,f0a8e494-f8bc-4f37-a174-d466d4f6a5d5,technical.indexable,technical,indexability,critical,defect,Page is not blocked from indexing by a robots meta noindex.,Remove the noindex directive if the page should be indexed.,,sh-analyzer-1,sh-rules-1,"{""canonical_matches_final_url"": true, ""canonical_url"": ""https://www.potgang.co.uk/products/box-c"", ""indexing_intent"": ""intended_index"", ""intent_source"": ""canonical_declaration"", ""nofollow"": true, ""noindex"": true}","Raw HTTP meta robots is noindex,nofollow, directly blocking indexing; the canonical does not override noindex.","Raw HTTP meta robots is noindex,nofollow, directly blocking indexing; the canonical does not override noindex.",verified,high,,not_replayed,a1e9761472dcc7d6f567fad1b4d6b96a80c7be3d51a1d101a63205abd0bf6865,2026-08-31 02:41:35.205497+00:00,2026-08-31T03:49:20.677926+00:00
potgang,https://www.potgang.co.uk/products/box-c,product,69.5,69.2,potgang: alternating web_score rank,f20337a1-3b5d-42ea-a5e4-99c24aff186b,eec0af57-0f74-56e3-b5b6-e9b437266eb5,96f1a591-5f46-414e-b488-54d9ea930461,e3dccad1-9e73-4833-a545-ed11ed70787b,web.accessibility_form_names,technical,content,high,defect,Form controls have a deterministic accessible name.,Associate each form control with a label or ARIA name.,,sh-analyzer-1,sh-rules-1,"{""control_count"": 22, ""missing_accessible_name"": 6}","Raw HTTP exposes six participating unlabeled select controls (ProductSelect and five delivery selects) without an aria name, labelledby text, explicit label, or title.","Raw HTTP exposes six participating unlabeled select controls (ProductSelect and five delivery selects) without an aria name, labelledby text, explicit label, or title.",verified,high,missing,retained_verified,a1e9761472dcc7d6f567fad1b4d6b96a80c7be3d51a1d101a63205abd0bf6865,2026-08-31 02:41:35.205497+00:00,2026-08-31T03:49:20.677926+00:00
potgang,https://www.potgang.co.uk/products/box-c,product,69.5,69.2,potgang: alternating web_score rank,f20337a1-3b5d-42ea-a5e4-99c24aff186b,6b7f869b-935f-5c2b-82e5-81b48c3e7617,0b8432af-5424-4dbe-868a-0667b71fe6c6,1f706760-71ca-4f1c-886b-f98e175146a2,web.accessibility_heading_order,technical,content,medium,defect,Heading levels form a coherent document outline.,Do not skip heading levels when structuring page sections.,,sh-analyzer-1,sh-rules-1,"{""heading_levels"": [1, 3, 2, 2, 2, 3, 3, 2, 2, 2, 2, 2, 2, 2, 2, 3, 3, 2, 2, 2, 2, 3, 2, 2, 2, 2, 2, 3, 3, 3], ""level_skips"": 1}",Raw full document contains the reported H1 to H3 skipped heading transition.,Raw full document contains the reported H1 to H3 skipped heading transition.,verified,high,,not_replayed,a1e9761472dcc7d6f567fad1b4d6b96a80c7be3d51a1d101a63205abd0bf6865,2026-08-31 02:41:35.205497+00:00,2026-08-31T03:49:20.677926+00:00
potgang,https://www.potgang.co.uk/blogs/recipes/pan-con-tomate,article,86.4,18.8,potgang: alternating aeo_score rank,f20337a1-3b5d-42ea-a5e4-99c24aff186b,88446a37-923c-5d50-9b8c-fc8b9bc54938,43fd918c-7d80-46a7-8fa2-74b7e2e2df65,ceceab51-ca04-4dd4-883a-ca5b172121ee,aeo.editorial_lead_present,aeo,content,low,advisory,Editorial content opens with a substantive lead paragraph.,Add a concise lead that establishes the page topic.,editorial_lead_missing,sh-analyzer-1,sh-rules-1,"{""lead_preview"": ""Do it like the Spanish do."", ""lead_word_count"": 6, ""minimum_words"": 10, ""reason"": ""editorial_lead_missing""}","Raw primary content lead is 6 words: Do it like the Spanish do., below the 10-word contract.","Raw primary content lead is 6 words: Do it like the Spanish do., below the 10-word contract.",verified,high,missing,retained_verified,f5869a422e56599343780481fbe72ee415dee9541f917af6d75a1e8f4ebe38a2,2026-08-31 02:40:42.020758+00:00,2026-08-31T03:49:22.161920+00:00
potgang,https://www.potgang.co.uk/blogs/recipes/pan-con-tomate,article,86.4,18.8,potgang: alternating aeo_score rank,f20337a1-3b5d-42ea-a5e4-99c24aff186b,844b3eec-0705-55da-9a00-1dacd26aa609,cdd2782c-180c-49a0-b751-0a4509f1d132,a04deaa0-b73c-4726-b165-e0d3d19afa32,aeo.heading_hierarchy,aeo,content,medium,defect,Heading levels form a coherent page-kind-independent outline.,Use sequential heading levels to express content hierarchy.,,sh-analyzer-1,sh-rules-1,"{""levels"": [2, 4, 3, 3, 3, 3, 3], ""skips"": [{""from"": 2, ""to"": 4}]}",Raw article primary content contains the reported H2 to H4 transition.,Raw article primary content contains the reported H2 to H4 transition.,verified,high,missing,retained_verified,f5869a422e56599343780481fbe72ee415dee9541f917af6d75a1e8f4ebe38a2,2026-08-31 02:40:42.020758+00:00,2026-08-31T03:49:22.161920+00:00
potgang,https://www.potgang.co.uk/blogs/recipes/pan-con-tomate,article,86.4,18.8,potgang: alternating aeo_score rank,f20337a1-3b5d-42ea-a5e4-99c24aff186b,dd127ca9-fb42-50d5-b4f8-c0658456bf6e,37c5415c-58a3-40ea-ae25-157cc6c4d783,dc68cdf9-db59-47e8-b2c7-5254ffc8a150,aeo.schema_expected_for_type,aeo,structured_data,low,advisory,Structured data includes a schema.org type expected for the classified page type.,Add the expected schema.org type for this page type (PAGE_KIND_EXPECTED_SCHEMA).,expected_schema_absent,sh-analyzer-1,sh-rules-1,"{""candidate_count"": 0, ""expected_types"": [""Article"", ""BlogPosting"", ""NewsArticle""], ""found_types"": [], ""page_kind"": ""article"", ""primary_schema_type"": """", ""reason"": ""expected_schema_absent""}","Raw HTTP contains no JSON-LD or microdata block for the expected Article, BlogPosting, or NewsArticle types.","Raw HTTP contains no JSON-LD or microdata block for the expected Article, BlogPosting, or NewsArticle types.",verified,high,,not_replayed,f5869a422e56599343780481fbe72ee415dee9541f917af6d75a1e8f4ebe38a2,2026-08-31 02:40:42.020758+00:00,2026-08-31T03:49:22.161920+00:00
potgang,https://www.potgang.co.uk/blogs/recipes/pan-con-tomate,article,86.4,18.8,potgang: alternating aeo_score rank,f20337a1-3b5d-42ea-a5e4-99c24aff186b,35f6afcd-2a13-55e0-a79f-c40cbb0fd14f,8834b43c-e94b-4fc9-ad73-73db464b8c1b,30794710-302b-4656-96dd-8fd8924a27a8,aeo.visible_attribution,aeo,citability,medium,defect,Authored content exposes a visible creator name and linked profile.,Add a visible creator byline linked to a stable profile or biography.,visible_attribution_absent,sh-analyzer-1,sh-rules-1,"{""declared_name"": """", ""declared_source"": """", ""reason"": ""visible_attribution_absent"", ""visible_name"": """", ""visible_profile_url"": """"}",Raw HTTP visibly renders Pan Con Tomate by Big Has in the article heading; the named creator is present even without an author profile link.,Raw HTTP visibly renders Pan Con Tomate by Big Has in the article heading; the named creator is present even without an author profile link.,wrong,high,satisfied,removed_wrong,f5869a422e56599343780481fbe72ee415dee9541f917af6d75a1e8f4ebe38a2,2026-08-31 02:40:42.020758+00:00,2026-08-31T03:49:22.161920+00:00
potgang,https://www.potgang.co.uk/blogs/recipes/pan-con-tomate,article,86.4,18.8,potgang: alternating aeo_score rank,f20337a1-3b5d-42ea-a5e4-99c24aff186b,6b7f869b-935f-5c2b-82e5-81b48c3e7617,17a65e7f-4e97-4e73-9d52-cbc0c30fe43d,268b9b01-7fcb-48a0-b12f-3873ca5464e8,web.accessibility_heading_order,technical,content,medium,defect,Heading levels form a coherent document outline.,Do not skip heading levels when structuring page sections.,,sh-analyzer-1,sh-rules-1,"{""heading_levels"": [2, 4, 3, 3, 3, 3, 3, 3, 3, 3, 3, 3, 3, 3, 3, 3, 3, 3, 3, 3, 3, 3, 3, 3, 3, 3, 3, 3, 3, 3], ""level_skips"": 1}",Raw full document contains the reported H2 to H4 skipped heading transition.,Raw full document contains the reported H2 to H4 skipped heading transition.,verified,high,,not_replayed,f5869a422e56599343780481fbe72ee415dee9541f917af6d75a1e8f4ebe38a2,2026-08-31 02:40:42.020758+00:00,2026-08-31T03:49:22.161920+00:00
potgang,https://www.potgang.co.uk/blogs/recipes/pan-con-tomate,article,86.4,18.8,potgang: alternating aeo_score rank,f20337a1-3b5d-42ea-a5e4-99c24aff186b,60905840-6f1b-519c-9e80-471ba43eff67,665f7fdd-7234-4b60-bea6-19c954f62e8a,a6e89c14-1e03-4784-88dd-7f4e27e04d2f,web.accessibility_image_alt,technical,content,medium,defect,Informative images declare alternative text.,"Add alt text to informative images; use alt="""" for decoration.",,sh-analyzer-1,sh-rules-1,"{""decorative_alt"": 4, ""image_count"": 54, ""missing_alt"": 49}",Raw HTTP contains 49 img elements without alt text.,Raw HTTP contains 49 img elements without alt text.,verified,high,,not_replayed,f5869a422e56599343780481fbe72ee415dee9541f917af6d75a1e8f4ebe38a2,2026-08-31 02:40:42.020758+00:00,2026-08-31T03:49:22.161920+00:00
united by blue,https://unitedbyblue.com/collections/best-sellers/products/bison-boot-sock,product,78.0,76.7,united by blue: alternating web_score rank,b4c6b8b5-e3a6-44f9-aa85-80fe5220f5d7,4e3d6373-43ea-5b84-a0ea-43dc23be705d,636cb77b-6ec7-4262-abb8-4ab828c81cb1,acd0a7d3-bda0-441e-b846-5b2c0a032b28,aeo.heading_hierarchy,aeo,content,medium,defect,Heading levels form a coherent page-kind-independent outline.,Use sequential heading levels to express content hierarchy.,,sh-analyzer-1,sh-rules-1,"{""levels"": [1, 2, 2, 4, 2, 2, 2, 1, 3, 3, 3, 3, 4, 4, 4, 4, 4, 4, 4, 4, 4, 4, 3], ""skips"": [{""from"": 2, ""to"": 4}, {""from"": 1, ""to"": 3}]}",Product response full primary/document heading sequence contains H2 → H4 and H1 → H3 transitions.,Product response full primary/document heading sequence contains H2 → H4 and H1 → H3 transitions.,verified,high,missing,retained_verified,d52fa26b5c6acbe62e7d6c3c8fa46ffcbb98f5aac14d2e747de0e2faa777c3fe,2026-08-31 02:59:38.525632+00:00,2026-08-31T03:49:22.616807+00:00
united by blue,https://unitedbyblue.com/collections/best-sellers/products/bison-boot-sock,product,78.0,76.7,united by blue: alternating web_score rank,b4c6b8b5-e3a6-44f9-aa85-80fe5220f5d7,3a0edbed-5cc6-5e16-954f-df255eadd45c,e1479559-700e-46fc-9b12-e3cdf451b350,f4a87e6a-74eb-49cf-926d-16127f0f73f5,aeo.offer_freshness_signal,aeo,citability,medium,defect,"Product pages expose dated, currency-qualified Offer evidence.",Expose a currency and an updated timestamp with Offer data.,freshness_signal_missing,sh-analyzer-1,sh-rules-1,"{""currency"": [""USD""], ""offer"": true, ""reason"": ""freshness_signal_missing"", ""timestamp"": """", ""timestamp_source"": """"}",Product response exposes Product offers with USD currency but no published/modified date or other dated freshness signal in the HTTP document.,Product response exposes Product offers with USD currency but no published/modified date or other dated freshness signal in the HTTP document.,verified,high,,not_replayed,d52fa26b5c6acbe62e7d6c3c8fa46ffcbb98f5aac14d2e747de0e2faa777c3fe,2026-08-31 02:59:38.525632+00:00,2026-08-31T03:49:22.616807+00:00
united by blue,https://unitedbyblue.com/collections/best-sellers/products/bison-boot-sock,product,78.0,76.7,united by blue: alternating web_score rank,b4c6b8b5-e3a6-44f9-aa85-80fe5220f5d7,310a50cb-5b5f-52e3-8d07-a3ff8f139fd5,8b86257f-9f60-4b34-b58e-3f1cc275ce58,7d42b38d-8969-4315-973a-656ed4e54788,aeo.schema_recommended_present,aeo,structured_data,low,advisory,Expected-type structured data carries the recommended properties for the page type.,Add the recommended properties to strengthen the schema markup.,,sh-analyzer-1,sh-rules-1,"{""checked_blocks"": 1, ""expected_types"": [""Product""], ""missing"": [""gtin"", ""offers.price"", ""hasVariant"", ""offers.shippingDetails"", ""offers.hasMerchantReturnPolicy""], ""page_kind"": ""product"", ""recommended"": [""sku"", ""gtin"", ""brand"", ""offers.price"", ""offers.priceCurrency"", ""offers.availability"", ""hasVariant"", ""aggregateRating"", ""offers.shippingDetails"", ""offers.hasMerchantReturnPolicy""], ""schema_type"": ""Product""}","HTTP JSON-LD contains Product markup, but the Product recommendation set is incomplete: gtin, hasVariant, offers.shippingDetails, and offers.hasMerchantReturnPolicy are absent; the aggregate Product offer also has no offers.price.","HTTP JSON-LD contains Product markup, but the Product recommendation set is incomplete: gtin, hasVariant, offers.shippingDetails, and offers.hasMerchantReturnPolicy are absent; the aggregate Product offer also has no offers.price.",verified,medium,,not_replayed,d52fa26b5c6acbe62e7d6c3c8fa46ffcbb98f5aac14d2e747de0e2faa777c3fe,2026-08-31 02:59:38.525632+00:00,2026-08-31T03:49:22.616807+00:00
united by blue,https://unitedbyblue.com/collections/best-sellers/products/bison-boot-sock,product,78.0,76.7,united by blue: alternating web_score rank,b4c6b8b5-e3a6-44f9-aa85-80fe5220f5d7,d30f3b5b-5da9-5ad3-b28a-dca8b8264901,aaa0f7c7-d497-4a63-b16f-05b94c27b981,0c45170d-83b0-4dd5-8957-db37f1151006,technical.canonical_conflict,technical,indexability,medium,defect,"Declared canonical URL is a usable consolidation target (absolute, same-origin, and not a different hreflang alternate).",Point the canonical at an absolute same-origin URL. A page that declares hreflang alternates must canonicalise to itself.,,sh-analyzer-1,sh-rules-1,"{""canonical_url"": ""https://unitedbyblue.com/products/bison-boot-sock"", ""declared_canonical"": ""https://unitedbyblue.com/products/bison-boot-sock"", ""final_url"": ""https://unitedbyblue.com/collections/best-sellers/products/bison-boot-sock"", ""problem"": ""hreflang_canonical_conflict"", ""self_canonical"": false}","The response canonical and en/x-default hreflang URLs are https://unitedbyblue.com/products/bison-boot-sock, while the fetched final URL is https://unitedbyblue.com/collections/best-sellers/products/bison-boot-sock; the canonical URL is explicitly present in the response.","The response canonical and en/x-default hreflang URLs are https://unitedbyblue.com/products/bison-boot-sock, while the fetched final URL is https://unitedbyblue.com/collections/best-sellers/products/bison-boot-sock; the canonical URL is explicitly present in the response.",verified,high,,not_replayed,d52fa26b5c6acbe62e7d6c3c8fa46ffcbb98f5aac14d2e747de0e2faa777c3fe,2026-08-31 02:59:38.525632+00:00,2026-08-31T03:49:22.616807+00:00
united by blue,https://unitedbyblue.com/collections/best-sellers/products/bison-boot-sock,product,78.0,76.7,united by blue: alternating web_score rank,b4c6b8b5-e3a6-44f9-aa85-80fe5220f5d7,357eeebd-6d7d-52e6-b3ec-7ecaf78e5960,7cc462cf-e6ef-4193-8248-247d072ce49b,801d6846-9ca9-4662-97ff-2cbd93736372,web.accessibility_form_names,technical,content,high,defect,Form controls have a deterministic accessible name.,Associate each form control with a label or ARIA name.,,sh-analyzer-1,sh-rules-1,"{""control_count"": 61, ""missing_accessible_name"": 1}","The two apparent color radio controls have explicit labels whose image alt text is Wild Green and Coffee; the remaining HTTP controls have an ARIA label, text, value, or associated label. No unnamed control is independently observable.","The two apparent color radio controls have explicit labels whose image alt text is Wild Green and Coffee; the remaining HTTP controls have an ARIA label, text, value, or associated label. No unnamed control is independently observable.",wrong,high,satisfied,removed_wrong,d52fa26b5c6acbe62e7d6c3c8fa46ffcbb98f5aac14d2e747de0e2faa777c3fe,2026-08-31 02:59:38.525632+00:00,2026-08-31T03:49:22.616807+00:00
united by blue,https://unitedbyblue.com/collections/best-sellers/products/bison-boot-sock,product,78.0,76.7,united by blue: alternating web_score rank,b4c6b8b5-e3a6-44f9-aa85-80fe5220f5d7,413326f4-f781-53fd-8484-a9c43e436afc,e10307d7-1e6b-485c-bdce-489ea85dac37,32116078-c406-46a3-ba4c-043416481bc8,web.accessibility_heading_order,technical,content,medium,defect,Heading levels form a coherent document outline.,Do not skip heading levels when structuring page sections.,,sh-analyzer-1,sh-rules-1,"{""heading_levels"": [2, 2, 2, 1, 2, 2, 4, 2, 2, 2, 1, 3, 3, 3, 3, 4, 4, 4, 4, 4, 4, 4, 4, 4, 4, 3], ""level_skips"": 2}",The full document heading sequence contains H2 → H4 and H1 → H3 transitions.,The full document heading sequence contains H2 → H4 and H1 → H3 transitions.,verified,high,,not_replayed,d52fa26b5c6acbe62e7d6c3c8fa46ffcbb98f5aac14d2e747de0e2faa777c3fe,2026-08-31 02:59:38.525632+00:00,2026-08-31T03:49:22.616807+00:00
united by blue,https://unitedbyblue.com/pages/faq,faq,89.8,30.0,united by blue: alternating aeo_score rank,b4c6b8b5-e3a6-44f9-aa85-80fe5220f5d7,f9304b3e-65c8-5711-90cd-b3f9b1bd3449,eccaa24d-b4ea-412e-9c41-48ce05b8ef21,73c45bdc-111c-4d08-ae9b-180676a070c1,aeo.answer_first,aeo,content,medium,advisory,The first block under the first heading is a substantive answer/definitional paragraph.,Open each section with a direct answer before elaborating.,no_headings,sh-analyzer-1,sh-rules-1,"{""reason"": ""no_headings""}","The FAQ response contains many question headings and an associated first answer paragraph: “Unfortunately, we can't make changes or cancel an order after it's been submitteed.” (more than ten words). A direct answer is HTTP-observable.","The FAQ response contains many question headings and an associated first answer paragraph: “Unfortunately, we can't make changes or cancel an order after it's been submitteed.” (more than ten words). A direct answer is HTTP-observable.",wrong,high,satisfied,removed_wrong,ada6f73d20adb92b8f45763203a9f1d2913d1461257be17a3fcc5cb56b7b26d7,2026-08-31 03:00:52.016910+00:00,2026-08-31T03:49:23.350478+00:00
united by blue,https://unitedbyblue.com/pages/faq,faq,89.8,30.0,united by blue: alternating aeo_score rank,b4c6b8b5-e3a6-44f9-aa85-80fe5220f5d7,4e3d6373-43ea-5b84-a0ea-43dc23be705d,70a6d731-f372-42b3-9791-95462b392442,cef55b65-855a-420e-be29-1e423d57e358,aeo.heading_hierarchy,aeo,content,medium,defect,Heading levels form a coherent page-kind-independent outline.,Use sequential heading levels to express content hierarchy.,no_primary_headings,sh-analyzer-1,sh-rules-1,"{""levels"": [], ""reason"": ""no_primary_headings""}","The FAQ primary-content outline starts with H1 FAQ, followed by H2 and H3 headings; it is not empty and has no skipped level in the primary sequence.","The FAQ primary-content outline starts with H1 FAQ, followed by H2 and H3 headings; it is not empty and has no skipped level in the primary sequence.",wrong,high,satisfied,removed_wrong,ada6f73d20adb92b8f45763203a9f1d2913d1461257be17a3fcc5cb56b7b26d7,2026-08-31 03:00:52.016910+00:00,2026-08-31T03:49:23.350478+00:00
united by blue,https://unitedbyblue.com/pages/faq,faq,89.8,30.0,united by blue: alternating aeo_score rank,b4c6b8b5-e3a6-44f9-aa85-80fe5220f5d7,448f0ad4-9bea-5659-87ff-d0f82960d7b5,3048f9c4-ded1-4546-9ba1-6f1779156f5b,d1602efb-728d-49f0-8e3a-dbcfc2b0c32d,aeo.question_headings,aeo,content,low,defect,Page uses question-form h2/h3 headings.,Phrase section headings as the questions users ask.,no_subheadings,sh-analyzer-1,sh-rules-1,"{""reason"": ""no_subheadings""}","The primary content has 24 H3 question subheadings, all visibly phrased as questions, under the FAQ sections; the response does not have no_subheadings.","The primary content has 24 H3 question subheadings, all visibly phrased as questions, under the FAQ sections; the response does not have no_subheadings.",wrong,high,satisfied,removed_wrong,ada6f73d20adb92b8f45763203a9f1d2913d1461257be17a3fcc5cb56b7b26d7,2026-08-31 03:00:52.016910+00:00,2026-08-31T03:49:23.350478+00:00
united by blue,https://unitedbyblue.com/pages/faq,faq,89.8,30.0,united by blue: alternating aeo_score rank,b4c6b8b5-e3a6-44f9-aa85-80fe5220f5d7,357eeebd-6d7d-52e6-b3ec-7ecaf78e5960,e547c38e-b732-48f1-bd1a-720a3f64883b,0de1a46f-d117-4dcd-aa3e-d3e169316c89,web.accessibility_form_names,technical,content,high,defect,Form controls have a deterministic accessible name.,Associate each form control with a label or ARIA name.,,sh-analyzer-1,sh-rules-1,"{""control_count"": 27, ""missing_accessible_name"": 1}","All 24 non-hidden native controls in the response have an observable name through ARIA, associated label, button text, input value, or title fallback.","All 24 non-hidden native controls in the response have an observable name through ARIA, associated label, button text, input value, or title fallback.",wrong,high,satisfied,removed_wrong,ada6f73d20adb92b8f45763203a9f1d2913d1461257be17a3fcc5cb56b7b26d7,2026-08-31 03:00:52.016910+00:00,2026-08-31T03:49:23.350478+00:00
united by blue,https://unitedbyblue.com/pages/cleanups-1,other,80.4,,united by blue: alternating web_score rank,b4c6b8b5-e3a6-44f9-aa85-80fe5220f5d7,357eeebd-6d7d-52e6-b3ec-7ecaf78e5960,d175326a-a776-4bd8-9b9e-9505f9f4f9d0,e273fe80-a38c-4b70-b98b-1e0cc9938753,web.accessibility_form_names,technical,content,high,defect,Form controls have a deterministic accessible name.,Associate each form control with a label or ARIA name.,,sh-analyzer-1,sh-rules-1,"{""control_count"": 27, ""missing_accessible_name"": 1}","All 24 non-hidden native controls in the response have an observable name through ARIA, associated label, button text, input value, or title fallback.","All 24 non-hidden native controls in the response have an observable name through ARIA, associated label, button text, input value, or title fallback.",wrong,high,satisfied,removed_wrong,7819aa550cd43ac693437f1371c81605e09d8c003432e2e6dad751b8d8ad8b30,2026-08-31 03:01:25.827654+00:00,2026-08-31T03:49:23.684617+00:00
united by blue,https://unitedbyblue.com/pages/cleanups-1,other,80.4,,united by blue: alternating web_score rank,b4c6b8b5-e3a6-44f9-aa85-80fe5220f5d7,8ff66463-1490-585c-b878-122f40b8932f,f7b00779-58d7-47f6-8c86-ed832113dbec,e41c4c38-bbd4-4649-af29-79a7cbad2161,web.accessibility_image_alt,technical,content,medium,defect,Informative images declare alternative text.,"Add alt text to informative images; use alt="""" for decoration.",,sh-analyzer-1,sh-rules-1,"{""decorative_alt"": 18, ""image_count"": 28, ""missing_alt"": 1}","Image 22, //unitedbyblue.com/cdn/shop/files/bg.jpg?v=1666284234&width=1500, has no alt attribute in the frozen HTTP body.","Image 22, //unitedbyblue.com/cdn/shop/files/bg.jpg?v=1666284234&width=1500, has no alt attribute in the frozen HTTP body.",verified,high,,not_replayed,7819aa550cd43ac693437f1371c81605e09d8c003432e2e6dad751b8d8ad8b30,2026-08-31 03:01:25.827654+00:00,2026-08-31T03:49:23.684617+00:00
united by blue,https://unitedbyblue.com/blogs/united-by-blue-journal,article,89.8,41.2,united by blue: alternating aeo_score rank,b4c6b8b5-e3a6-44f9-aa85-80fe5220f5d7,86d16bec-ea03-566f-9664-681fd9270aff,936eb650-2717-4d23-b39a-273fbe920eac,f1d572f5-b0c9-4875-9b0b-5c261784769b,aeo.editorial_lead_present,aeo,content,low,advisory,Editorial content opens with a substantive lead paragraph.,Add a concise lead that establishes the page topic.,editorial_lead_missing,sh-analyzer-1,sh-rules-1,"{""lead_preview"": """", ""lead_word_count"": 0, ""minimum_words"": 10, ""reason"": ""editorial_lead_missing""}","This URL is an article archive with a primary-content card collection, so the article-only editorial-lead rule is not applicable.","This URL is an article archive with a primary-content card collection, so the article-only editorial-lead rule is not applicable.",wrong,high,not_applicable,removed_wrong,8733337940ba855b2d2c874eec38fcb4270a64623a1b990c03469d2cfe7dacc0,2026-08-31 03:00:51.505690+00:00,2026-08-31T03:49:23.985687+00:00
united by blue,https://unitedbyblue.com/blogs/united-by-blue-journal,article,89.8,41.2,united by blue: alternating aeo_score rank,b4c6b8b5-e3a6-44f9-aa85-80fe5220f5d7,9446c9c8-7ddc-5dfd-bd68-3a34cd7dc718,facbc123-a69d-41c7-8297-b24b9cd2df8d,5820c512-c7b4-4259-9335-9adf235396d5,aeo.schema_expected_for_type,aeo,structured_data,low,advisory,Structured data includes a schema.org type expected for the classified page type.,Add the expected schema.org type for this page type (PAGE_KIND_EXPECTED_SCHEMA).,expected_schema_absent,sh-analyzer-1,sh-rules-1,"{""candidate_count"": 0, ""expected_types"": [""Article"", ""BlogPosting"", ""NewsArticle""], ""found_types"": [""BreadcrumbList"", ""Organization""], ""page_kind"": ""article"", ""primary_schema_type"": """", ""reason"": ""expected_schema_absent""}","The response JSON-LD contains Organization and BreadcrumbList only; no Article, BlogPosting, or NewsArticle block is present.","The response JSON-LD contains Organization and BreadcrumbList only; no Article, BlogPosting, or NewsArticle block is present.",verified,high,,not_replayed,8733337940ba855b2d2c874eec38fcb4270a64623a1b990c03469d2cfe7dacc0,2026-08-31 03:00:51.505690+00:00,2026-08-31T03:49:23.985687+00:00
united by blue,https://unitedbyblue.com/blogs/united-by-blue-journal,article,89.8,41.2,united by blue: alternating aeo_score rank,b4c6b8b5-e3a6-44f9-aa85-80fe5220f5d7,35a02cc3-76fc-5600-9830-109e3673eb54,1f1db40f-d96d-40b6-b3de-f79cd64d7273,c02db614-dda6-4fbf-bfbe-81aa118b1b0f,aeo.visible_attribution,aeo,citability,medium,defect,Authored content exposes a visible creator name and linked profile.,Add a visible creator byline linked to a stable profile or biography.,visible_attribution_absent,sh-analyzer-1,sh-rules-1,"{""declared_name"": """", ""declared_source"": """", ""reason"": ""visible_attribution_absent"", ""visible_name"": """", ""visible_profile_url"": """"}","This URL is an article archive with a primary-content card collection, so the article-only attribution rule is not applicable.","This URL is an article archive with a primary-content card collection, so the article-only attribution rule is not applicable.",wrong,high,not_applicable,removed_wrong,8733337940ba855b2d2c874eec38fcb4270a64623a1b990c03469d2cfe7dacc0,2026-08-31 03:00:51.505690+00:00,2026-08-31T03:49:23.985687+00:00
united by blue,https://unitedbyblue.com/blogs/united-by-blue-journal,article,89.8,41.2,united by blue: alternating aeo_score rank,b4c6b8b5-e3a6-44f9-aa85-80fe5220f5d7,357eeebd-6d7d-52e6-b3ec-7ecaf78e5960,7d8f2460-3a08-42c7-be85-b7bae590e2ee,d1f52a31-5435-4e7e-96c2-a390961efbde,web.accessibility_form_names,technical,content,high,defect,Form controls have a deterministic accessible name.,Associate each form control with a label or ARIA name.,,sh-analyzer-1,sh-rules-1,"{""control_count"": 28, ""missing_accessible_name"": 1}","The response controls are named by ARIA, visible button text, associated labels, or input values; no unnamed native control is independently observable.","The response controls are named by ARIA, visible button text, associated labels, or input values; no unnamed native control is independently observable.",wrong,high,satisfied,removed_wrong,8733337940ba855b2d2c874eec38fcb4270a64623a1b990c03469d2cfe7dacc0,2026-08-31 03:00:51.505690+00:00,2026-08-31T03:49:23.985687+00:00
united by blue,https://unitedbyblue.com/,homepage,83.1,41.7,united by blue: alternating web_score rank,b4c6b8b5-e3a6-44f9-aa85-80fe5220f5d7,5056cf5f-11d8-56dc-8846-cd5d4764d0b4,fa4fd284-8e1a-4251-ae2b-683f3717600a,b49ed863-be5f-4f48-aed4-e3e2c0eb0fca,aeo.entity_value_proposition,aeo,content,low,defect,Entity pages name the entity and state a substantive proposition.,Pair a clear H1 with a concise first explanatory paragraph.,,sh-analyzer-1,sh-rules-1,"{""atoms"": [{""condition"": """", ""evidence"": """", ""name"": ""entity_identity"", ""outcome"": ""missing"", ""required"": true}, {""condition"": ""page_trait:contact_intent"", ""evidence"": false, ""name"": ""contact_path"", ""outcome"": ""not_applicable"", ""required"": true}, {""condition"": ""not_page_trait:contact_intent"", ""evidence"": {""word_count"": 0}, ""name"": ""value_proposition"", ""outcome"": ""missing"", ""required"": true}], ""threshold"": ""all_required""}",The homepage primary content visibly contains H1 “Up to 50% off all Bags” followed by the 15-word paragraph “Every bags pulls a pound of trash from a waterway and carries a lifetime guarantee.” Both required atoms are HTTP-observable under the rule contract.,The homepage primary content visibly contains H1 “Up to 50% off all Bags” followed by the 15-word paragraph “Every bags pulls a pound of trash from a waterway and carries a lifetime guarantee.” Both required atoms are HTTP-observable under the rule contract.,wrong,high,satisfied,removed_wrong,7d12fb2a0e3921e7f8a6d0fcdbb8ab5dd12a270d2bcdb64601fb4e00bfdcdef7,2026-08-31 02:59:24.098047+00:00,2026-08-31T03:49:24.316568+00:00
united by blue,https://unitedbyblue.com/,homepage,83.1,41.7,united by blue: alternating web_score rank,b4c6b8b5-e3a6-44f9-aa85-80fe5220f5d7,4e3d6373-43ea-5b84-a0ea-43dc23be705d,6c7e0b2a-34fc-4ffd-aab0-5e73df5024f9,e4bce74e-cebe-4bc6-aad8-982224c0c459,aeo.heading_hierarchy,aeo,content,medium,defect,Heading levels form a coherent page-kind-independent outline.,Use sequential heading levels to express content hierarchy.,no_primary_headings,sh-analyzer-1,sh-rules-1,"{""levels"": [], ""reason"": ""no_primary_headings""}",The homepage primary-content heading sequence contains an H1 → H3 transition at the New Arrivals section.,The homepage primary-content heading sequence contains an H1 → H3 transition at the New Arrivals section.,verified,high,missing,retained_verified,7d12fb2a0e3921e7f8a6d0fcdbb8ab5dd12a270d2bcdb64601fb4e00bfdcdef7,2026-08-31 02:59:24.098047+00:00,2026-08-31T03:49:24.316568+00:00
united by blue,https://unitedbyblue.com/,homepage,83.1,41.7,united by blue: alternating web_score rank,b4c6b8b5-e3a6-44f9-aa85-80fe5220f5d7,357eeebd-6d7d-52e6-b3ec-7ecaf78e5960,fbcbc607-c535-47f7-b825-ba87c931c899,78fbda1a-a7cf-4d9d-813a-ee184941f1e7,web.accessibility_form_names,technical,content,high,defect,Form controls have a deterministic accessible name.,Associate each form control with a label or ARIA name.,,sh-analyzer-1,sh-rules-1,"{""control_count"": 157, ""missing_accessible_name"": 1}","The homepage has 126 non-hidden color radio inputs whose associated labels are empty (no label text, ARIA name, input title, or image alt); their CSS color classes do not provide accessible names in HTTP markup.","The homepage has 126 non-hidden color radio inputs whose associated labels are empty (no label text, ARIA name, input title, or image alt); their CSS color classes do not provide accessible names in HTTP markup.",verified,high,missing,retained_verified,7d12fb2a0e3921e7f8a6d0fcdbb8ab5dd12a270d2bcdb64601fb4e00bfdcdef7,2026-08-31 02:59:24.098047+00:00,2026-08-31T03:49:24.316568+00:00
united by blue,https://unitedbyblue.com/,homepage,83.1,41.7,united by blue: alternating web_score rank,b4c6b8b5-e3a6-44f9-aa85-80fe5220f5d7,413326f4-f781-53fd-8484-a9c43e436afc,448173b3-a528-4037-adf3-c85b4ef4ddc0,1784732c-a205-472f-9e9c-504004932eb2,web.accessibility_heading_order,technical,content,medium,defect,Heading levels form a coherent document outline.,Do not skip heading levels when structuring page sections.,,sh-analyzer-1,sh-rules-1,"{""heading_levels"": [2, 2, 2, 1, 2, 2, 1, 3, 3, 3, 3, 2, 3, 3, 3, 3, 3, 3], ""level_skips"": 1}",The full document heading sequence contains an H1 → H3 transition.,The full document heading sequence contains an H1 → H3 transition.,verified,high,,not_replayed,7d12fb2a0e3921e7f8a6d0fcdbb8ab5dd12a270d2bcdb64601fb4e00bfdcdef7,2026-08-31 02:59:24.098047+00:00,2026-08-31T03:49:24.316568+00:00
united by blue,https://unitedbyblue.com/pages/contact-us,about_contact,89.8,42.9,united by blue: alternating aeo_score rank,b4c6b8b5-e3a6-44f9-aa85-80fe5220f5d7,5056cf5f-11d8-56dc-8846-cd5d4764d0b4,443a0204-785e-4148-bf48-d9b6727fe029,fb3a13c1-19f8-4ba0-ad97-752e5b445df7,aeo.entity_value_proposition,aeo,content,low,defect,Entity pages name the entity and state a substantive proposition.,Pair a clear H1 with a concise first explanatory paragraph.,,sh-analyzer-1,sh-rules-1,"{""atoms"": [{""condition"": """", ""evidence"": """", ""name"": ""entity_identity"", ""outcome"": ""missing"", ""required"": true}, {""condition"": ""page_trait:contact_intent"", ""evidence"": true, ""name"": ""contact_path"", ""outcome"": ""satisfied"", ""required"": true}, {""condition"": ""not_page_trait:contact_intent"", ""evidence"": {""word_count"": 12}, ""name"": ""value_proposition"", ""outcome"": ""not_applicable"", ""required"": true}], ""threshold"": ""all_required""}",The Contact Us primary content has no H1/entity identity; it only exposes the H2 Contact Us and contact email/hours text. The required identity atom is missing under the rule contract.,The Contact Us primary content has no H1/entity identity; it only exposes the H2 Contact Us and contact email/hours text. The required identity atom is missing under the rule contract.,verified,high,missing,retained_verified,787d1ae86cfa453516aef008b229a3f4c3b0336378946976f81fed724a9a854f,2026-08-31 03:01:35.332918+00:00,2026-08-31T03:49:25.227496+00:00
united by blue,https://unitedbyblue.com/pages/contact-us,about_contact,89.8,42.9,united by blue: alternating aeo_score rank,b4c6b8b5-e3a6-44f9-aa85-80fe5220f5d7,9446c9c8-7ddc-5dfd-bd68-3a34cd7dc718,db124e70-345e-4040-9b5f-7751148e5878,d0a5038f-7e12-4da0-b371-3a348d6c60a7,aeo.schema_expected_for_type,aeo,structured_data,low,advisory,Structured data includes a schema.org type expected for the classified page type.,Add the expected schema.org type for this page type (PAGE_KIND_EXPECTED_SCHEMA).,expected_schema_absent,sh-analyzer-1,sh-rules-1,"{""candidate_count"": 1, ""expected_types"": [""Organization"", ""LocalBusiness"", ""ContactPage""], ""found_types"": [""Organization""], ""page_kind"": ""about_contact"", ""primary_schema_type"": """", ""reason"": ""expected_schema_absent""}",The response contains an Organization block for the site root but no ContactPage or LocalBusiness block bound to the /pages/contact-us document URL; the expected page schema is not present for this page.,The response contains an Organization block for the site root but no ContactPage or LocalBusiness block bound to the /pages/contact-us document URL; the expected page schema is not present for this page.,verified,high,,not_replayed,787d1ae86cfa453516aef008b229a3f4c3b0336378946976f81fed724a9a854f,2026-08-31 03:01:35.332918+00:00,2026-08-31T03:49:25.227496+00:00
united by blue,https://unitedbyblue.com/pages/contact-us,about_contact,89.8,42.9,united by blue: alternating aeo_score rank,b4c6b8b5-e3a6-44f9-aa85-80fe5220f5d7,357eeebd-6d7d-52e6-b3ec-7ecaf78e5960,77374c53-e3f5-45eb-961f-81b2a9e0097c,3475eab8-f1c9-4595-a817-90e08a5b60ca,web.accessibility_form_names,technical,content,high,defect,Form controls have a deterministic accessible name.,Associate each form control with a label or ARIA name.,,sh-analyzer-1,sh-rules-1,"{""control_count"": 27, ""missing_accessible_name"": 1}","All 24 non-hidden native controls in the response have an observable name through ARIA, associated label, button text, input value, or title fallback.","All 24 non-hidden native controls in the response have an observable name through ARIA, associated label, button text, input value, or title fallback.",wrong,high,satisfied,removed_wrong,787d1ae86cfa453516aef008b229a3f4c3b0336378946976f81fed724a9a854f,2026-08-31 03:01:35.332918+00:00,2026-08-31T03:49:25.227496+00:00
united by blue,https://unitedbyblue.com/collections/best-sellers/products/heal-the-bay-x-ubb-socal-graphic-tee-all-gender,category,84.7,55.6,united by blue: alternating web_score rank,b4c6b8b5-e3a6-44f9-aa85-80fe5220f5d7,ac845378-bbdf-58b7-b749-1d55129eb51e,fcaff442-e691-44c3-9ecf-e47dc070f09a,ba8fe9b9-d950-4d5f-ab7a-52884c4fdd70,aeo.assortment_freshness_signal,aeo,citability,medium,defect,Category pages expose an updated timestamp for the assortment.,Expose a publication or update timestamp for the assortment.,freshness_signal_missing,sh-analyzer-1,sh-rules-1,"{""reason"": ""freshness_signal_missing"", ""timestamp"": """", ""timestamp_source"": """"}",The category-labelled response contains no HTTP-visible published or modified timestamp for the assortment; the freshness rule's required dated signal is absent.,The category-labelled response contains no HTTP-visible published or modified timestamp for the assortment; the freshness rule's required dated signal is absent.,verified,high,,not_replayed,9579db499f9dfb8020e7ca8fd221ddda05d731f80cadbe9e4b6028d56f7fe09f,2026-08-31 02:59:44.343510+00:00,2026-08-31T03:49:25.539323+00:00
united by blue,https://unitedbyblue.com/collections/best-sellers/products/heal-the-bay-x-ubb-socal-graphic-tee-all-gender,category,84.7,55.6,united by blue: alternating web_score rank,b4c6b8b5-e3a6-44f9-aa85-80fe5220f5d7,4e3d6373-43ea-5b84-a0ea-43dc23be705d,77783977-6f2f-4087-97a4-399788eed6cf,22fea1cc-a084-4627-964f-a74adfe16dc7,aeo.heading_hierarchy,aeo,content,medium,defect,Heading levels form a coherent page-kind-independent outline.,Use sequential heading levels to express content hierarchy.,no_primary_headings,sh-analyzer-1,sh-rules-1,"{""levels"": [], ""reason"": ""no_primary_headings""}","The response primary content contains H2 and H1 headings, including “Help save the sunflower sea star…” and the product H1; primary headings are HTTP-observable and the persisted no_primary_headings claim is false.","The response primary content contains H2 and H1 headings, including “Help save the sunflower sea star…” and the product H1; primary headings are HTTP-observable and the persisted no_primary_headings claim is false.",wrong,high,satisfied,removed_wrong,9579db499f9dfb8020e7ca8fd221ddda05d731f80cadbe9e4b6028d56f7fe09f,2026-08-31 02:59:44.343510+00:00,2026-08-31T03:49:25.539323+00:00
united by blue,https://unitedbyblue.com/collections/best-sellers/products/heal-the-bay-x-ubb-socal-graphic-tee-all-gender,category,84.7,55.6,united by blue: alternating web_score rank,b4c6b8b5-e3a6-44f9-aa85-80fe5220f5d7,9446c9c8-7ddc-5dfd-bd68-3a34cd7dc718,4ce90c60-1a6c-4e99-b51d-b34333d501a4,fef65102-dc88-4f62-9d03-9e41a7aec135,aeo.schema_expected_for_type,aeo,structured_data,low,advisory,Structured data includes a schema.org type expected for the classified page type.,Add the expected schema.org type for this page type (PAGE_KIND_EXPECTED_SCHEMA).,expected_schema_absent,sh-analyzer-1,sh-rules-1,"{""candidate_count"": 0, ""expected_types"": [""CollectionPage"", ""ItemList""], ""found_types"": [""FAQPage"", ""Organization"", ""Product""], ""page_kind"": ""category"", ""primary_schema_type"": """", ""reason"": ""expected_schema_absent""}","The response JSON-LD has FAQPage, Organization, and Product blocks, but no CollectionPage or ItemList block expected for the stored category page kind.","The response JSON-LD has FAQPage, Organization, and Product blocks, but no CollectionPage or ItemList block expected for the stored category page kind.",verified,high,,not_replayed,9579db499f9dfb8020e7ca8fd221ddda05d731f80cadbe9e4b6028d56f7fe09f,2026-08-31 02:59:44.343510+00:00,2026-08-31T03:49:25.539323+00:00
united by blue,https://unitedbyblue.com/collections/best-sellers/products/heal-the-bay-x-ubb-socal-graphic-tee-all-gender,category,84.7,55.6,united by blue: alternating web_score rank,b4c6b8b5-e3a6-44f9-aa85-80fe5220f5d7,d30f3b5b-5da9-5ad3-b28a-dca8b8264901,9be9e129-3ea1-4f85-baa5-de60853fcafa,dd710561-ee73-4343-a38f-a8b3e189d406,technical.canonical_conflict,technical,indexability,medium,defect,"Declared canonical URL is a usable consolidation target (absolute, same-origin, and not a different hreflang alternate).",Point the canonical at an absolute same-origin URL. A page that declares hreflang alternates must canonicalise to itself.,,sh-analyzer-1,sh-rules-1,"{""canonical_url"": ""https://unitedbyblue.com/products/heal-the-bay-x-ubb-socal-graphic-tee-all-gender"", ""declared_canonical"": ""https://unitedbyblue.com/products/heal-the-bay-x-ubb-socal-graphic-tee-all-gender"", ""final_url"": ""https://unitedbyblue.com/collections/best-sellers/products/heal-the-bay-x-ubb-socal-graphic-tee-all-gender"", ""problem"": ""hreflang_canonical_conflict"", ""self_canonical"": false}","The response canonical and en/x-default hreflang URLs are https://unitedbyblue.com/products/heal-the-bay-x-ubb-socal-graphic-tee-all-gender, while the fetched final URL is https://unitedbyblue.com/collections/best-sellers/products/heal-the-bay-x-ubb-socal-graphic-tee-all-gender.","The response canonical and en/x-default hreflang URLs are https://unitedbyblue.com/products/heal-the-bay-x-ubb-socal-graphic-tee-all-gender, while the fetched final URL is https://unitedbyblue.com/collections/best-sellers/products/heal-the-bay-x-ubb-socal-graphic-tee-all-gender.",verified,high,,not_replayed,9579db499f9dfb8020e7ca8fd221ddda05d731f80cadbe9e4b6028d56f7fe09f,2026-08-31 02:59:44.343510+00:00,2026-08-31T03:49:25.539323+00:00
united by blue,https://unitedbyblue.com/collections/best-sellers/products/heal-the-bay-x-ubb-socal-graphic-tee-all-gender,category,84.7,55.6,united by blue: alternating web_score rank,b4c6b8b5-e3a6-44f9-aa85-80fe5220f5d7,357eeebd-6d7d-52e6-b3ec-7ecaf78e5960,d9f8d3d4-b87b-468b-8637-525a7bb90910,11a38592-3e39-43d0-85cb-0ae2533f8a4c,web.accessibility_form_names,technical,content,high,defect,Form controls have a deterministic accessible name.,Associate each form control with a label or ARIA name.,,sh-analyzer-1,sh-rules-1,"{""control_count"": 49, ""missing_accessible_name"": 1}","The response controls are named by ARIA, associated labels, button text, input values, or title fallback; no unnamed native control is independently observable.","The response controls are named by ARIA, associated labels, button text, input values, or title fallback; no unnamed native control is independently observable.",wrong,high,satisfied,removed_wrong,9579db499f9dfb8020e7ca8fd221ddda05d731f80cadbe9e4b6028d56f7fe09f,2026-08-31 02:59:44.343510+00:00,2026-08-31T03:49:25.539323+00:00
united by blue,https://unitedbyblue.com/pages/shipping,service,89.8,42.9,united by blue: alternating aeo_score rank,b4c6b8b5-e3a6-44f9-aa85-80fe5220f5d7,5056cf5f-11d8-56dc-8846-cd5d4764d0b4,b2f491af-4043-48c5-b76d-f8f391534b6e,b32430e1-4458-48cc-a79b-8bb8c8ed02f7,aeo.entity_value_proposition,aeo,content,low,defect,Entity pages name the entity and state a substantive proposition.,Pair a clear H1 with a concise first explanatory paragraph.,,sh-analyzer-1,sh-rules-1,"{""atoms"": [{""condition"": """", ""evidence"": """", ""name"": ""entity_identity"", ""outcome"": ""missing"", ""required"": true}, {""condition"": ""page_trait:contact_intent"", ""evidence"": false, ""name"": ""contact_path"", ""outcome"": ""not_applicable"", ""required"": true}, {""condition"": ""not_page_trait:contact_intent"", ""evidence"": {""word_count"": 36}, ""name"": ""value_proposition"", ""outcome"": ""satisfied"", ""required"": true}], ""threshold"": ""all_required""}","The Shipping primary content has no H1/entity identity; it exposes H2/H3 shipping headings and explanatory text, so the required identity atom is missing under the rule contract.","The Shipping primary content has no H1/entity identity; it exposes H2/H3 shipping headings and explanatory text, so the required identity atom is missing under the rule contract.",verified,high,missing,retained_verified,1da25a16587327d7920c37476578359a695c018e480574fa8adaf71f196336e4,2026-08-31 03:00:54.601645+00:00,2026-08-31T03:49:25.954156+00:00
united by blue,https://unitedbyblue.com/pages/shipping,service,89.8,42.9,united by blue: alternating aeo_score rank,b4c6b8b5-e3a6-44f9-aa85-80fe5220f5d7,9446c9c8-7ddc-5dfd-bd68-3a34cd7dc718,279b91f2-9fe0-4832-ab88-c9d3600f1027,e7ca41d6-203f-4797-a82e-0c85cd078808,aeo.schema_expected_for_type,aeo,structured_data,low,advisory,Structured data includes a schema.org type expected for the classified page type.,Add the expected schema.org type for this page type (PAGE_KIND_EXPECTED_SCHEMA).,expected_schema_absent,sh-analyzer-1,sh-rules-1,"{""candidate_count"": 0, ""expected_types"": [""Service""], ""found_types"": [""Organization""], ""page_kind"": ""service"", ""primary_schema_type"": """", ""reason"": ""expected_schema_absent""}",The response JSON-LD contains Organization only; no Service block is present for the stored service page kind.,The response JSON-LD contains Organization only; no Service block is present for the stored service page kind.,verified,high,,not_replayed,1da25a16587327d7920c37476578359a695c018e480574fa8adaf71f196336e4,2026-08-31 03:00:54.601645+00:00,2026-08-31T03:49:25.954156+00:00
united by blue,https://unitedbyblue.com/pages/shipping,service,89.8,42.9,united by blue: alternating aeo_score rank,b4c6b8b5-e3a6-44f9-aa85-80fe5220f5d7,357eeebd-6d7d-52e6-b3ec-7ecaf78e5960,5468e6ab-c3d0-4440-a8ff-93a524853043,464671c3-3cf1-474c-8c1b-2a70f9124c90,web.accessibility_form_names,technical,content,high,defect,Form controls have a deterministic accessible name.,Associate each form control with a label or ARIA name.,,sh-analyzer-1,sh-rules-1,"{""control_count"": 27, ""missing_accessible_name"": 1}","All 24 non-hidden native controls in the response have an observable name through ARIA, associated label, button text, input value, or title fallback.","All 24 non-hidden native controls in the response have an observable name through ARIA, associated label, button text, input value, or title fallback.",wrong,high,satisfied,removed_wrong,1da25a16587327d7920c37476578359a695c018e480574fa8adaf71f196336e4,2026-08-31 03:00:54.601645+00:00,2026-08-31T03:49:25.954156+00:00
united by blue,https://unitedbyblue.com/pages/collar-leash-bundle,other,80.4,,united by blue: alternating web_score rank,b4c6b8b5-e3a6-44f9-aa85-80fe5220f5d7,357eeebd-6d7d-52e6-b3ec-7ecaf78e5960,196a5824-ce75-4110-b659-7e06921716a9,4f1a9c04-1d75-4969-a5d9-6db21be54e95,web.accessibility_form_names,technical,content,high,defect,Form controls have a deterministic accessible name.,Associate each form control with a label or ARIA name.,,sh-analyzer-1,sh-rules-1,"{""control_count"": 36, ""missing_accessible_name"": 3}","The Collar + Leash page controls have observable names through ARIA, associated labels, button text, input values, or title fallback; no unnamed native control is independently observable.","The Collar + Leash page controls have observable names through ARIA, associated labels, button text, input values, or title fallback; no unnamed native control is independently observable.",wrong,high,satisfied,removed_wrong,abbd2b4af92004ed3d11e0a9eb227e6504a2abb491150329459c70b6746c8ef0,2026-08-31 03:01:31.251185+00:00,2026-08-31T03:49:26.276954+00:00
united by blue,https://unitedbyblue.com/pages/collar-leash-bundle,other,80.4,,united by blue: alternating web_score rank,b4c6b8b5-e3a6-44f9-aa85-80fe5220f5d7,413326f4-f781-53fd-8484-a9c43e436afc,9681991e-291e-4ed0-8da2-45130d7f8936,3479701a-c6f5-4bb8-a8c4-8a553fec1ab5,web.accessibility_heading_order,technical,content,medium,defect,Heading levels form a coherent document outline.,Do not skip heading levels when structuring page sections.,,sh-analyzer-1,sh-rules-1,"{""heading_levels"": [2, 2, 2, 1, 2, 2, 3, 3, 3, 3, 3, 3, 2, 4, 4, 2, 2, 2, 2, 2], ""level_skips"": 1}",The full document heading sequence contains an H2 → H4 transition from “Two sizes each — here's how to pick.” to “Collar”.,The full document heading sequence contains an H2 → H4 transition from “Two sizes each — here's how to pick.” to “Collar”.,verified,high,,not_replayed,abbd2b4af92004ed3d11e0a9eb227e6504a2abb491150329459c70b6746c8ef0,2026-08-31 03:01:31.251185+00:00,2026-08-31T03:49:26.276954+00:00
united by blue,https://unitedbyblue.com/pages/size-guide-mens,guide,89.8,50.0,united by blue: alternating aeo_score rank,b4c6b8b5-e3a6-44f9-aa85-80fe5220f5d7,86d16bec-ea03-566f-9664-681fd9270aff,d1e0f48a-dd19-46a4-b45c-1249dba49174,f9527b80-ab18-4d7c-9843-9d2ec4c5e7f0,aeo.editorial_lead_present,aeo,content,low,advisory,Editorial content opens with a substantive lead paragraph.,Add a concise lead that establishes the page topic.,editorial_lead_missing,sh-analyzer-1,sh-rules-1,"{""lead_preview"": ""A. Back of the Arm/Neck"", ""lead_word_count"": 5, ""minimum_words"": 10, ""reason"": ""editorial_lead_missing""}","The size-guide response begins its primary content with a five-word “A. Back of the Arm/Neck” lead fragment, below the ten-word minimum; no qualifying editorial lead is HTTP-observable.","The size-guide response begins its primary content with a five-word “A. Back of the Arm/Neck” lead fragment, below the ten-word minimum; no qualifying editorial lead is HTTP-observable.",verified,high,missing,retained_verified,8c1084709fceba7caaf5b4e399a681c0ef5d9859c879343a39fea059e5d24763,2026-08-31 03:00:53.759962+00:00,2026-08-31T03:49:26.573058+00:00
united by blue,https://unitedbyblue.com/pages/size-guide-mens,guide,89.8,50.0,united by blue: alternating aeo_score rank,b4c6b8b5-e3a6-44f9-aa85-80fe5220f5d7,35a02cc3-76fc-5600-9830-109e3673eb54,df4aaf3a-3932-43b9-a4d2-9dc2913248af,6b14b3b4-df7c-4f6c-879f-69f0495559ac,aeo.visible_attribution,aeo,citability,medium,defect,Authored content exposes a visible creator name and linked profile.,Add a visible creator byline linked to a stable profile or biography.,visible_attribution_absent,sh-analyzer-1,sh-rules-1,"{""declared_name"": """", ""declared_source"": """", ""reason"": ""visible_attribution_absent"", ""visible_name"": """", ""visible_profile_url"": """"}",The size-guide response contains no HTTP-visible author/byline name linked to a profile.,The size-guide response contains no HTTP-visible author/byline name linked to a profile.,verified,medium,missing,retained_verified,8c1084709fceba7caaf5b4e399a681c0ef5d9859c879343a39fea059e5d24763,2026-08-31 03:00:53.759962+00:00,2026-08-31T03:49:26.573058+00:00
united by blue,https://unitedbyblue.com/pages/size-guide-mens,guide,89.8,50.0,united by blue: alternating aeo_score rank,b4c6b8b5-e3a6-44f9-aa85-80fe5220f5d7,357eeebd-6d7d-52e6-b3ec-7ecaf78e5960,c049ef8e-ebdb-41a8-8164-5bd2052507a8,341394f5-f5ba-4433-8e8f-8f0889256f40,web.accessibility_form_names,technical,content,high,defect,Form controls have a deterministic accessible name.,Associate each form control with a label or ARIA name.,,sh-analyzer-1,sh-rules-1,"{""control_count"": 27, ""missing_accessible_name"": 1}","The size-guide response controls are named by ARIA, associated labels, button text, input values, or title fallback; no unnamed native control is independently observable.","The size-guide response controls are named by ARIA, associated labels, button text, input values, or title fallback; no unnamed native control is independently observable.",wrong,high,satisfied,removed_wrong,8c1084709fceba7caaf5b4e399a681c0ef5d9859c879343a39fea059e5d24763,2026-08-31 03:00:53.759962+00:00,2026-08-31T03:49:26.573058+00:00
united by blue,https://unitedbyblue.com/pages/corporate-cleanups,other,80.4,,united by blue: alternating web_score rank,b4c6b8b5-e3a6-44f9-aa85-80fe5220f5d7,357eeebd-6d7d-52e6-b3ec-7ecaf78e5960,0f3c4cd0-f9f3-4d6b-b419-bd8b1ae557d7,b5a90e8c-51a4-4eae-9a8a-c5b1d8bd038b,web.accessibility_form_names,technical,content,high,defect,Form controls have a deterministic accessible name.,Associate each form control with a label or ARIA name.,,sh-analyzer-1,sh-rules-1,"{""control_count"": 27, ""missing_accessible_name"": 1}","The corporate-cleanups response controls are named by ARIA, associated labels, button text, input values, or title fallback; no unnamed native control is independently observable.","The corporate-cleanups response controls are named by ARIA, associated labels, button text, input values, or title fallback; no unnamed native control is independently observable.",wrong,high,satisfied,removed_wrong,b4a28b4c054dbf0f9b004ebe1df285af2dff0b320e3518405eb91dc8cfe60e37,2026-08-31 03:01:33.330447+00:00,2026-08-31T03:49:26.856962+00:00
united by blue,https://unitedbyblue.com/pages/corporate-cleanups,other,80.4,,united by blue: alternating web_score rank,b4c6b8b5-e3a6-44f9-aa85-80fe5220f5d7,8ff66463-1490-585c-b878-122f40b8932f,59599a53-57c4-4c30-b6fd-9158b3c7af0a,f9bd61b1-6386-403b-8561-5fc4b889ff1b,web.accessibility_image_alt,technical,content,medium,defect,Informative images declare alternative text.,"Add alt text to informative images; use alt="""" for decoration.",,sh-analyzer-1,sh-rules-1,"{""decorative_alt"": 26, ""image_count"": 36, ""missing_alt"": 1}","Image 22, //unitedbyblue.com/cdn/shop/files/IMG_0259_1_1.jpg?v=1675368732&width=1500, has no alt attribute in the frozen HTTP body.","Image 22, //unitedbyblue.com/cdn/shop/files/IMG_0259_1_1.jpg?v=1675368732&width=1500, has no alt attribute in the frozen HTTP body.",verified,high,,not_replayed,b4a28b4c054dbf0f9b004ebe1df285af2dff0b320e3518405eb91dc8cfe60e37,2026-08-31 03:01:33.330447+00:00,2026-08-31T03:49:26.856962+00:00
united by blue,https://unitedbyblue.com/products/25l-convertible-carryall,product,89.8,66.7,united by blue: alternating aeo_score rank,b4c6b8b5-e3a6-44f9-aa85-80fe5220f5d7,4e3d6373-43ea-5b84-a0ea-43dc23be705d,436f1d8d-b66a-409b-aa7b-39a3402bc315,adf16fc5-f805-4297-a0cc-4e5a0f706081,aeo.heading_hierarchy,aeo,content,medium,defect,Heading levels form a coherent page-kind-independent outline.,Use sequential heading levels to express content hierarchy.,no_primary_headings,sh-analyzer-1,sh-rules-1,"{""levels"": [], ""reason"": ""no_primary_headings""}","The product primary-content outline starts with H1 “(R)evolution 25L Convertible Carryall”, followed by H2/H3 sections; it is not empty and has no no_primary_headings condition.","The product primary-content outline starts with H1 “(R)evolution 25L Convertible Carryall”, followed by H2/H3 sections; it is not empty and has no no_primary_headings condition.",wrong,high,satisfied,removed_wrong,22935d5fb88fc528130bfe03fa1867db0e414d0d8855ccd71c775623e7f91490,2026-08-31 02:59:53.504536+00:00,2026-08-31T03:49:27.179313+00:00
united by blue,https://unitedbyblue.com/products/25l-convertible-carryall,product,89.8,66.7,united by blue: alternating aeo_score rank,b4c6b8b5-e3a6-44f9-aa85-80fe5220f5d7,3a0edbed-5cc6-5e16-954f-df255eadd45c,e9495ddb-005e-4468-9540-d6746e916b74,156d806f-b19b-444a-af04-5dcb1a8b5846,aeo.offer_freshness_signal,aeo,citability,medium,defect,"Product pages expose dated, currency-qualified Offer evidence.",Expose a currency and an updated timestamp with Offer data.,freshness_signal_missing,sh-analyzer-1,sh-rules-1,"{""currency"": [""USD""], ""offer"": true, ""reason"": ""freshness_signal_missing"", ""timestamp"": """", ""timestamp_source"": """"}",The Product response exposes USD offers but no published/modified date or other dated freshness signal in the HTTP document.,The Product response exposes USD offers but no published/modified date or other dated freshness signal in the HTTP document.,verified,high,,not_replayed,22935d5fb88fc528130bfe03fa1867db0e414d0d8855ccd71c775623e7f91490,2026-08-31 02:59:53.504536+00:00,2026-08-31T03:49:27.179313+00:00
united by blue,https://unitedbyblue.com/products/25l-convertible-carryall,product,89.8,66.7,united by blue: alternating aeo_score rank,b4c6b8b5-e3a6-44f9-aa85-80fe5220f5d7,6ed4c1a0-5e7b-5486-9b70-c0afc2c95633,78b7aa34-c4ce-4154-9f00-ba06746178d1,15224b58-083e-444f-9442-e1dbe82b11e2,aeo.product_answer_facts,aeo,content,medium,defect,"Product pages expose identity, offer, availability, and variants when applicable.",Expose the required product answer facts in visible content or structured data.,,sh-analyzer-1,sh-rules-1,"{""atoms"": [{""condition"": """", ""evidence"": true, ""name"": ""identity"", ""outcome"": ""satisfied"", ""required"": true}, {""condition"": """", ""evidence"": true, ""name"": ""offer"", ""outcome"": ""satisfied"", ""required"": true}, {""condition"": """", ""evidence"": [""https://schema.org/InStock""], ""name"": ""availability"", ""outcome"": ""satisfied"", ""required"": true}, {""condition"": ""page_trait:has_variants"", ""evidence"": false, ""name"": ""variants"", ""outcome"": ""missing"", ""required"": false}], ""threshold"": ""all_required_and_applicable""}","The response visibly exposes the product identity in its H1, an Offer with price and USD currency, InStock availability, and multiple color/size variant controls. Required product-answer facts are present; the optional variants atom is also observable.","The response visibly exposes the product identity in its H1, an Offer with price and USD currency, InStock availability, and multiple color/size variant controls. Required product-answer facts are present; the optional variants atom is also observable.",wrong,high,satisfied,removed_wrong,22935d5fb88fc528130bfe03fa1867db0e414d0d8855ccd71c775623e7f91490,2026-08-31 02:59:53.504536+00:00,2026-08-31T03:49:27.179313+00:00
united by blue,https://unitedbyblue.com/products/25l-convertible-carryall,product,89.8,66.7,united by blue: alternating aeo_score rank,b4c6b8b5-e3a6-44f9-aa85-80fe5220f5d7,310a50cb-5b5f-52e3-8d07-a3ff8f139fd5,67d2147f-7d2a-455a-93be-0b0c64df0a1a,30997556-305c-4e2a-b83c-a048b66d60dc,aeo.schema_recommended_present,aeo,structured_data,low,advisory,Expected-type structured data carries the recommended properties for the page type.,Add the recommended properties to strengthen the schema markup.,,sh-analyzer-1,sh-rules-1,"{""checked_blocks"": 1, ""expected_types"": [""Product""], ""missing"": [""gtin"", ""offers.price"", ""hasVariant"", ""offers.shippingDetails"", ""offers.hasMerchantReturnPolicy""], ""page_kind"": ""product"", ""recommended"": [""sku"", ""gtin"", ""brand"", ""offers.price"", ""offers.priceCurrency"", ""offers.availability"", ""hasVariant"", ""aggregateRating"", ""offers.shippingDetails"", ""offers.hasMerchantReturnPolicy""], ""schema_type"": ""Product""}","HTTP Product markup is present but its recommendation set is incomplete: gtin, hasVariant, shippingDetails, hasMerchantReturnPolicy, and aggregateRating are absent; the selected aggregate offer also lacks offers.price.","HTTP Product markup is present but its recommendation set is incomplete: gtin, hasVariant, shippingDetails, hasMerchantReturnPolicy, and aggregateRating are absent; the selected aggregate offer also lacks offers.price.",verified,medium,,not_replayed,22935d5fb88fc528130bfe03fa1867db0e414d0d8855ccd71c775623e7f91490,2026-08-31 02:59:53.504536+00:00,2026-08-31T03:49:27.179313+00:00
united by blue,https://unitedbyblue.com/products/25l-convertible-carryall,product,89.8,66.7,united by blue: alternating aeo_score rank,b4c6b8b5-e3a6-44f9-aa85-80fe5220f5d7,357eeebd-6d7d-52e6-b3ec-7ecaf78e5960,937e5102-5778-41f3-911f-8e1d06e9c765,3d82d198-d787-4f39-a7e2-de355199aecd,web.accessibility_form_names,technical,content,high,defect,Form controls have a deterministic accessible name.,Associate each form control with a label or ARIA name.,,sh-analyzer-1,sh-rules-1,"{""control_count"": 98, ""missing_accessible_name"": 1}","The response radio controls are associated with image-alt labels (for example Green Multi, Gray Multi, and Black Multi), and all other controls have observable names; no unnamed native control is independently observable.","The response radio controls are associated with image-alt labels (for example Green Multi, Gray Multi, and Black Multi), and all other controls have observable names; no unnamed native control is independently observable.",wrong,high,satisfied,removed_wrong,22935d5fb88fc528130bfe03fa1867db0e414d0d8855ccd71c775623e7f91490,2026-08-31 02:59:53.504536+00:00,2026-08-31T03:49:27.179313+00:00
potgang,https://www.potgang.co.uk/products/chocolate-chillies-orange-peppers-rosemary,product,69.5,69.2,global lowest remaining web_score,f20337a1-3b5d-42ea-a5e4-99c24aff186b,844b3eec-0705-55da-9a00-1dacd26aa609,815482c2-b8db-4328-a57f-4fb33c1432ec,9399db97-e3f9-4968-9cd5-02ae5823c645,aeo.heading_hierarchy,aeo,content,medium,defect,Heading levels form a coherent page-kind-independent outline.,Use sequential heading levels to express content hierarchy.,no_primary_headings,sh-analyzer-1,sh-rules-1,"{""levels"": [], ""reason"": ""no_primary_headings""}","Raw <main> contains H1 Spinach, Sunburst Squash (Patty Pans), Oregano; primary-content headings are HTTP-visible, so no_primary_headings is not true.","Raw <main> contains H1 Spinach, Sunburst Squash (Patty Pans), Oregano; primary-content headings are HTTP-visible, so no_primary_headings is not true.",wrong,high,satisfied,removed_wrong,adf28c4e297af1574dfcb04fae09c6db101f64fe8bf9fe5f9d6b6baad2d2bc10,2026-08-31 02:41:35.220057+00:00,2026-08-31T03:49:28.376981+00:00
potgang,https://www.potgang.co.uk/products/chocolate-chillies-orange-peppers-rosemary,product,69.5,69.2,global lowest remaining web_score,f20337a1-3b5d-42ea-a5e4-99c24aff186b,8ed02dce-7f18-5a09-a41b-1401d873a399,fc22c76c-7a97-4b0f-8b74-022d24f1bea9,4feaa75b-2e49-4190-9f75-b36651132a50,aeo.offer_freshness_signal,aeo,citability,medium,defect,"Product pages expose dated, currency-qualified Offer evidence.",Expose a currency and an updated timestamp with Offer data.,freshness_signal_missing,sh-analyzer-1,sh-rules-1,"{""currency"": [""GBP""], ""offer"": true, ""reason"": ""freshness_signal_missing"", ""timestamp"": """", ""timestamp_source"": """"}",Raw HTTP exposes a GBP Product Offer but no published/modified date or other dated freshness signal.,Raw HTTP exposes a GBP Product Offer but no published/modified date or other dated freshness signal.,verified,high,,not_replayed,adf28c4e297af1574dfcb04fae09c6db101f64fe8bf9fe5f9d6b6baad2d2bc10,2026-08-31 02:41:35.220057+00:00,2026-08-31T03:49:28.376981+00:00
potgang,https://www.potgang.co.uk/products/chocolate-chillies-orange-peppers-rosemary,product,69.5,69.2,global lowest remaining web_score,f20337a1-3b5d-42ea-a5e4-99c24aff186b,538acfde-ef80-5ff3-86fc-4bf3456ed269,0cdf7e7c-b286-4647-8782-a3934dbe9e06,85722c02-624e-43ee-a3b9-1b6151db246b,aeo.schema_recommended_present,aeo,structured_data,low,advisory,Expected-type structured data carries the recommended properties for the page type.,Add the recommended properties to strengthen the schema markup.,,sh-analyzer-1,sh-rules-1,"{""checked_blocks"": 1, ""expected_types"": [""Product""], ""missing"": [""gtin"", ""hasVariant"", ""aggregateRating"", ""offers.shippingDetails"", ""offers.hasMerchantReturnPolicy""], ""page_kind"": ""product"", ""recommended"": [""sku"", ""gtin"", ""brand"", ""offers.price"", ""offers.priceCurrency"", ""offers.availability"", ""hasVariant"", ""aggregateRating"", ""offers.shippingDetails"", ""offers.hasMerchantReturnPolicy""], ""schema_type"": ""Product""}","Raw HTTP contains one Product JSON-LD block lacking gtin, hasVariant, aggregateRating, offers.shippingDetails, and offers.hasMerchantReturnPolicy.","Raw HTTP contains one Product JSON-LD block lacking gtin, hasVariant, aggregateRating, offers.shippingDetails, and offers.hasMerchantReturnPolicy.",verified,high,,not_replayed,adf28c4e297af1574dfcb04fae09c6db101f64fe8bf9fe5f9d6b6baad2d2bc10,2026-08-31 02:41:35.220057+00:00,2026-08-31T03:49:28.376981+00:00
potgang,https://www.potgang.co.uk/products/chocolate-chillies-orange-peppers-rosemary,product,69.5,69.2,global lowest remaining web_score,f20337a1-3b5d-42ea-a5e4-99c24aff186b,ccca4151-f969-5192-8eb3-675413093d27,fe9cbf7f-8ac6-4703-8c83-7911e58598b8,287e09d6-c141-41a8-a139-1e087071d396,technical.indexable,technical,indexability,critical,defect,Page is not blocked from indexing by a robots meta noindex.,Remove the noindex directive if the page should be indexed.,,sh-analyzer-1,sh-rules-1,"{""canonical_matches_final_url"": true, ""canonical_url"": ""https://www.potgang.co.uk/products/chocolate-chillies-orange-peppers-rosemary"", ""indexing_intent"": ""intended_index"", ""intent_source"": ""canonical_declaration"", ""nofollow"": true, ""noindex"": true}","Raw HTTP meta robots is noindex,nofollow, directly blocking indexing; the canonical does not override noindex.","Raw HTTP meta robots is noindex,nofollow, directly blocking indexing; the canonical does not override noindex.",verified,high,,not_replayed,adf28c4e297af1574dfcb04fae09c6db101f64fe8bf9fe5f9d6b6baad2d2bc10,2026-08-31 02:41:35.220057+00:00,2026-08-31T03:49:28.376981+00:00
potgang,https://www.potgang.co.uk/products/chocolate-chillies-orange-peppers-rosemary,product,69.5,69.2,global lowest remaining web_score,f20337a1-3b5d-42ea-a5e4-99c24aff186b,eec0af57-0f74-56e3-b5b6-e9b437266eb5,cfdefe7d-4acb-431f-9327-975c28c4b5de,d00c8024-da68-4a45-919a-02b9de769127,web.accessibility_form_names,technical,content,high,defect,Form controls have a deterministic accessible name.,Associate each form control with a label or ARIA name.,,sh-analyzer-1,sh-rules-1,"{""control_count"": 12, ""missing_accessible_name"": 1}","Raw HTTP exposes one participating unlabeled select without an aria name, labelledby text, explicit label, or title.","Raw HTTP exposes one participating unlabeled select without an aria name, labelledby text, explicit label, or title.",verified,high,missing,retained_verified,adf28c4e297af1574dfcb04fae09c6db101f64fe8bf9fe5f9d6b6baad2d2bc10,2026-08-31 02:41:35.220057+00:00,2026-08-31T03:49:28.376981+00:00
potgang,https://www.potgang.co.uk/products/chocolate-chillies-orange-peppers-rosemary,product,69.5,69.2,global lowest remaining web_score,f20337a1-3b5d-42ea-a5e4-99c24aff186b,6b7f869b-935f-5c2b-82e5-81b48c3e7617,0a1a680e-d29e-4d55-ac56-7ef894e947a4,d231fd90-9964-44f6-a22d-1d6f6cb4f4ca,web.accessibility_heading_order,technical,content,medium,defect,Heading levels form a coherent document outline.,Do not skip heading levels when structuring page sections.,,sh-analyzer-1,sh-rules-1,"{""heading_levels"": [1, 3, 2, 2, 2, 3, 3, 2, 2, 2, 2, 2, 2, 2, 2, 3, 3, 2, 2, 2, 2, 3, 2, 2, 2, 2, 2, 3, 3, 3], ""level_skips"": 1}",Raw full document contains the reported H1 to H3 skipped heading transition.,Raw full document contains the reported H1 to H3 skipped heading transition.,verified,high,,not_replayed,adf28c4e297af1574dfcb04fae09c6db101f64fe8bf9fe5f9d6b6baad2d2bc10,2026-08-31 02:41:35.220057+00:00,2026-08-31T03:49:28.376981+00:00
lootcrate,https://lootcrate.com/blogs/news/contest-winners,article,76.3,25.5,global lowest remaining aeo_score,951b4a75-4c15-402b-99d8-c7c5f2d4a164,2c222d59-e192-5b9b-97d5-3d236da771a4,1683bb58-ccbb-4e10-af79-272cb8c04e8b,79c21756-560c-4a59-a8e1-42b9580ae96d,aeo.editorial_lead_present,aeo,content,low,advisory,Editorial content opens with a substantive lead paragraph.,Add a concise lead that establishes the page topic.,editorial_lead_missing,sh-analyzer-1,sh-rules-1,"{""lead_preview"": """", ""lead_word_count"": 0, ""minimum_words"": 10, ""reason"": ""editorial_lead_missing""}",first primary-content paragraph has 3 words,first primary-content paragraph has 3 words,verified,high,missing,retained_verified,e26844e332bcb5dee6a9a7ef146f32586723bb54c082f6ee7158a6243a41969f,2026-08-31 02:33:10.103390+00:00,2026-08-31T03:49:29.115833+00:00
lootcrate,https://lootcrate.com/blogs/news/contest-winners,article,76.3,25.5,global lowest remaining aeo_score,951b4a75-4c15-402b-99d8-c7c5f2d4a164,06ea11cc-9b3c-5237-bc52-0e0d081137ac,30727593-d4dd-4370-a9ea-a85a04a9130f,ad7202c6-51cd-4214-bc3b-16e481c6314f,aeo.heading_hierarchy,aeo,content,medium,defect,Heading levels form a coherent page-kind-independent outline.,Use sequential heading levels to express content hierarchy.,,sh-analyzer-1,sh-rules-1,"{""levels"": [2, 4, 3], ""skips"": [{""from"": 2, ""to"": 4}]}","primary-content (main) heading levels [2, 4, 3, 3, 3, 3]; skipped transitions: H2 → H4","primary-content (main) heading levels [2, 4, 3, 3, 3, 3]; skipped transitions: H2 → H4",verified,high,missing,retained_verified,e26844e332bcb5dee6a9a7ef146f32586723bb54c082f6ee7158a6243a41969f,2026-08-31 02:33:10.103390+00:00,2026-08-31T03:49:29.115833+00:00
lootcrate,https://lootcrate.com/blogs/news/contest-winners,article,76.3,25.5,global lowest remaining aeo_score,951b4a75-4c15-402b-99d8-c7c5f2d4a164,bc4a3bc0-8024-51ec-8af6-1779609dfe48,453c18ce-a98c-42a3-b8cd-653591c20baa,d858d024-9482-4148-867d-1e2d51ad2ef1,aeo.schema_recommended_present,aeo,structured_data,low,advisory,Expected-type structured data carries the recommended properties for the page type.,Add the recommended properties to strengthen the schema markup.,,sh-analyzer-1,sh-rules-1,"{""checked_blocks"": 1, ""expected_types"": [""Article"", ""BlogPosting"", ""NewsArticle""], ""extraction"": ""microdata_shallow"", ""missing"": [""author"", ""datePublished"", ""image"", ""dateModified""], ""page_kind"": ""article"", ""recommended"": [""author"", ""datePublished"", ""image"", ""dateModified""], ""schema_type"": ""Article""}","expected ['BlogPosting', 'NewsArticle', 'Article']; missing ['author', 'datePublished', 'image', 'dateModified'] in 1 matching schema block(s); raw types=['Article']","expected ['BlogPosting', 'NewsArticle', 'Article']; missing ['author', 'datePublished', 'image', 'dateModified'] in 1 matching schema block(s); raw types=['Article']",verified,high,,not_replayed,e26844e332bcb5dee6a9a7ef146f32586723bb54c082f6ee7158a6243a41969f,2026-08-31 02:33:10.103390+00:00,2026-08-31T03:49:29.115833+00:00
lootcrate,https://lootcrate.com/blogs/news/contest-winners,article,76.3,25.5,global lowest remaining aeo_score,951b4a75-4c15-402b-99d8-c7c5f2d4a164,6745a53a-1f1f-5f75-af32-765a40e6384a,0ece6b96-f24b-4b70-8a21-59c1438c0b9c,d84da0ce-72c8-43f0-b9b5-b6f2981a4683,aeo.schema_required_valid,aeo,structured_data,high,defect,Expected-type structured data carries every required property for the page type.,Add the missing required properties to the schema markup.,,sh-analyzer-1,sh-rules-1,"{""checked_blocks"": 1, ""expected_types"": [""Article"", ""BlogPosting"", ""NewsArticle""], ""extraction"": ""microdata_shallow"", ""missing"": [""headline""], ""page_kind"": ""article"", ""required"": [""headline""], ""schema_type"": ""Article""}","expected ['BlogPosting', 'NewsArticle', 'Article']; missing ['headline'] in 1 matching schema block(s); raw types=['Article']","expected ['BlogPosting', 'NewsArticle', 'Article']; missing ['headline'] in 1 matching schema block(s); raw types=['Article']",verified,high,,not_replayed,e26844e332bcb5dee6a9a7ef146f32586723bb54c082f6ee7158a6243a41969f,2026-08-31 02:33:10.103390+00:00,2026-08-31T03:49:29.115833+00:00
lootcrate,https://lootcrate.com/blogs/news/contest-winners,article,76.3,25.5,global lowest remaining aeo_score,951b4a75-4c15-402b-99d8-c7c5f2d4a164,49fbaa7d-d765-566e-a721-a1dfe6445dae,20466ae6-2d00-4776-b9e7-aae12d6ee40f,565504c0-c423-4d6d-a6c8-33429367f18c,aeo.visible_attribution,aeo,citability,medium,defect,Authored content exposes a visible creator name and linked profile.,Add a visible creator byline linked to a stable profile or biography.,visible_attribution_absent,sh-analyzer-1,sh-rules-1,"{""declared_name"": """", ""declared_source"": """", ""reason"": ""visible_attribution_absent"", ""visible_name"": """", ""visible_profile_url"": """"}","No visible creator name + linked profile found (name='Justin Roiland', profile='')","No visible creator name + linked profile found (name='Justin Roiland', profile='')",verified,high,missing,retained_verified,e26844e332bcb5dee6a9a7ef146f32586723bb54c082f6ee7158a6243a41969f,2026-08-31 02:33:10.103390+00:00,2026-08-31T03:49:29.115833+00:00
lootcrate,https://lootcrate.com/blogs/news/contest-winners,article,76.3,25.5,global lowest remaining aeo_score,951b4a75-4c15-402b-99d8-c7c5f2d4a164,06ed5a73-7c9a-5fd5-a481-206ffa1c49db,a94c2c09-ccf8-4268-b608-b8c6cc9819e1,54a9fc28-2733-425f-8b6b-1abe968b02ee,web.accessibility_form_names,technical,content,high,defect,Form controls have a deterministic accessible name.,Associate each form control with a label or ARIA name.,,sh-analyzer-1,sh-rules-1,"{""control_count"": 7, ""missing_accessible_name"": 2}",1 unnamed of 3 HTTP-visible controls: input[2] id=- name=q,1 unnamed of 3 HTTP-visible controls: input[2] id=- name=q,verified,high,missing,retained_verified,e26844e332bcb5dee6a9a7ef146f32586723bb54c082f6ee7158a6243a41969f,2026-08-31 02:33:10.103390+00:00,2026-08-31T03:49:29.115833+00:00
lootcrate,https://lootcrate.com/blogs/news/contest-winners,article,76.3,25.5,global lowest remaining aeo_score,951b4a75-4c15-402b-99d8-c7c5f2d4a164,1f4dda0e-101c-555f-bb24-740493094899,0d229c5a-a6f7-41d0-a14b-2e27526b0ffd,ff369f8d-f5a0-417a-a0e4-1b9eceda7859,web.accessibility_heading_order,technical,content,medium,defect,Heading levels form a coherent document outline.,Do not skip heading levels when structuring page sections.,,sh-analyzer-1,sh-rules-1,"{""heading_levels"": [3, 2, 4, 3, 3, 3, 3, 6, 6, 6, 6, 6, 5, 3], ""level_skips"": 2}","full-document heading levels [3, 2, 4, 3, 3, 3, 3, 6, 6, 6, 6, 6, 5, 3]; skipped transitions: H2 → H4, H3 → H6","full-document heading levels [3, 2, 4, 3, 3, 3, 3, 6, 6, 6, 6, 6, 5, 3]; skipped transitions: H2 → H4, H3 → H6",verified,high,,not_replayed,e26844e332bcb5dee6a9a7ef146f32586723bb54c082f6ee7158a6243a41969f,2026-08-31 02:33:10.103390+00:00,2026-08-31T03:49:29.115833+00:00
lootcrate,https://lootcrate.com/blogs/news/contest-winners,article,76.3,25.5,global lowest remaining aeo_score,951b4a75-4c15-402b-99d8-c7c5f2d4a164,8e682d08-2e3d-5f18-b826-dac61547b14b,52fe8824-5602-415a-b723-05d220ad64f1,e13340af-b091-417f-87c9-dd264b744ace,web.accessibility_image_alt,technical,content,medium,defect,Informative images declare alternative text.,"Add alt text to informative images; use alt="""" for decoration.",,sh-analyzer-1,sh-rules-1,"{""decorative_alt"": 1, ""image_count"": 9, ""missing_alt"": 1}",1 images omit alt: img[9] src=,1 images omit alt: img[9] src=,verified,high,,not_replayed,e26844e332bcb5dee6a9a7ef146f32586723bb54c082f6ee7158a6243a41969f,2026-08-31 02:33:10.103390+00:00,2026-08-31T03:49:29.115833+00:00
